1,3d,3d,animation
2,3d,3d,cad
3,3d,3d,graphics
4,3d,3d,modeling
5,3d,3d,models
6,3d,3d,printing
7,3d,3d,rendering
8,3ds-homebrew,3ds,custom,firmware
9,3ds-homebrew,3ds,homebrew
10,3ds-homebrew,nintendo,3ds,homebrew
11,4d-component,4d,component
12,4x,4x,game
13,5g,5g,nr
14,action-adventure,action,adventure
15,action-adventure,action,adventure,game
16,action-game,action,game
17,action-role-playing,action,role,playing
18,action-role-playing,action,rpg
19,actions,github,actions
20,ada,ada,2012
21,adobe-acrobat,adobe,acrobat
22,adobe-acrobat,adobe,acrobat,dc
23,adobe-acrobat,adobe,acrobat,reader
24,advent-of-code,advent,of,code
25,advent-of-code,advent,of,code,2015
26,advent-of-code,advent,of,code,2016
27,advent-of-code,advent,of,code,2017
28,advent-of-code,advent,of,code,2018
29,advent-of-code,advent,of,code,2019
30,advent-of-code,advent,of,code,2020
31,advent-of-code,advent,of,code,2021
32,advent-of-code,advent,of,code,2022
33,advent-of-code,advent,of,code,2023
34,advent-of-code,advent,of,code,2024
35,advent-of-code,advent,of,code,2025
36,advent-of-code,aoc,2015
37,advent-of-code,aoc,2016
38,advent-of-code,aoc,2017
39,advent-of-code,aoc,2018
40,advent-of-code,aoc,2019
41,advent-of-code,aoc,2020
42,advent-of-code,aoc,2021
43,advent-of-code,aoc,2022
44,advent-of-code,aoc,2023
45,advent-of-code,aoc,2024
46,advent-of-code,aoc,2025
47,adventure-game,adventure,game
48,adventure-game-interpreter,adventure,game,interpreter
49,adversarial-attacks,adversarial,attacks
50,agent-harness,agent,harness
51,agent-harness,agent,harnesses
52,agenticsfoundation,agentics,foundation
53,agile,agile,development
54,agile,agile,software,development
55,ai,artificial,intelligence
56,ai,machine,intelligence
57,ai-agent,ai,agent
58,ai-agent,ai,agents
59,ai-agent,ai,autonomous,agent
60,ai-for-science,ai,for,science
61,ai-for-science,artificial,intelligence,for,science
62,ai-for-science,ml,for,science
63,ai-marketing,ai,for,marketing
64,ai-marketing,ai,in,marketing
65,ai-marketing,ai,marketing
66,ai-marketing,marketing,ai
67,ai-marketing,marketing,with,ai
68,ai-sandbox,ai,sandbox
69,ai-sandbox,ai,sandboxing
70,ai-sandbox,llm,sandbox
71,algolia,algolia,search
72,alloy-analyzer,alloy,analyzer
73,alternate-reality-game,alternate,reality
74,alternate-reality-game,alternate,reality,game
75,altium-designer,altium,designer
76,android,android,app
77,android,android,application
78,android,android,development
79,android-library,android,library
80,android-studio,android,studio
81,angular-cli,angular,cli
82,animal-crossing,animal,crossing
83,animal-crossing,animal,crossing,new,horizons
84,animal-crossing,new,horizons
85,ansible-role,ansible,role
86,ansible-role,ansible,roles
87,anyland,anyland,vr
88,api,api,client
89,api,api,gateway
90,api,api,rest
91,api,api,server
92,api,api,wrapper
93,apm,application,performance,management
94,apm,application,performance,monitor
95,apollo-server,apollo,server
96,apple-music,apple,music
97,appwrite,appwrite,io
98,arcade,arcade,game
99,archlinux,arch,linux
100,argo-floats,argo,float
101,argo-floats,argo,floats
102,art-net,art,net
103,artillery-game,artillery,game
104,arturo,arturo,lang
105,arturo,arturo,language
106,aspnet,asp,net
107,aspnet,asp,net,core
108,aspnet,aspnet,core
109,assembly,assembly,language
110,astro,astro,build
111,async-await,async,await
112,asyncapi,async,api
113,asyncapi,async,api,spec
114,asyncapi,async,api,specification
115,asyncapi,asyncapi,spec
116,asyncapi,asyncapi,specification
117,atom,atom,package
118,atom,atom,packages
119,atom,atom,theme
120,atom,atom,themes
121,authentication,two,factor,authentication
122,autohotkey,ahk,script
123,autohotkey,auto,hotkey
124,awesome,awesome,list
125,awesome,awesome,lists
126,azd-templates,azd,templates
127,azure-devops,azure,devops
128,b4x,b4x,programming,language
129,backend,back,end
130,backend,backend,developer
131,barcode,bar,code
132,bash,bash,script
133,batch-file,batch,file
134,battle-royale,battle,royale
135,battle-royale,battle,royale,game
136,bdd,behavior,driven,development
137,beat-em-up,beat,em,up
138,beat-em-up,beat,em,up,game
139,beat-em-up,brawler,game
140,bedrock-dedicated-server,bedrock,dedicated,server
141,biological-expression-language,biological,expression,language
142,biological-simulation,biological,modelling
143,biological-simulation,biological,simulation
144,biological-simulation,biological,simulations
145,bitcoin,bitcoin,payment
146,bitcoin,bitcoin,wallet
147,bitcoin-cash,bitcoin,cash
148,bitcoin-cash,bitcoin,cash,mining
149,bitcoin-cash,bitcoin,cash,payment
150,bitcoin-cash,bitcoin,cash,wallet
151,bitcoin-cash,p2p,cash
152,blockly,google,blockly
153,bluesky-social,bluesky,social
154,board-game,board,game
155,boilerplate,boilerplate,code
156,bonsai-rx,bonsai,rx
157,bosque,bosque,lang
158,browser-extension,browser,extension
159,browser-extension,browser,extensions
160,browser-game,browser,based,game
161,browser-game,browser,game
162,browser-game,persisant,browser,based,game
163,bugbounty,bug,bounty
164,build-engine,build,engine
165,build-engine,con,files
166,build-engine,con,script
167,build-engine,duke,nukem,3d,engine
168,bulma,bulma,css
169,c,programming,language
170,calculate-pi,calculate,pi
171,capnproto,capn,proto
172,cargo-generate,cargo,generate
173,casejs,case,app
174,casejs,case,js
175,cassandra,apache,cassandra
176,casual-game,casual,game
177,cellular-automaton,cellular,automata
178,cellular-automaton,cellular,automaton
179,cellular-automaton,cellular,automatons
180,chacha-cipher,chacha,cipher
181,chacha-cipher,chacha20,poly1305
182,chacha-cipher,xchacha,poly1305
183,chaos-engineering,chaos,engineering
184,chapel,chapel,lang
185,chatbot,chat,bot
186,chatgpt-api,chatgpt,api
187,chrome,google,chrome
188,chrome-extension,chrome,extension
189,chrome-extension,chrome,extensions
190,chrome-extension,extension,chrome
191,chrome-extension,google,chrome,extension
192,cicd,ci,cd
193,cinnamon,cinnamon,desktop
194,circuitpython,circuit,python
195,citizen-science,citizen,science
196,city-building-game,city,building
197,city-building-game,city,building,game
198,city-building-game,town,building
199,city-building-game,town,building,game
200,clab-topo,clab,topo
201,classless,classless,css
202,classless,classless,theme
203,claude-code,anthropic,claude,code
204,claude-code,claude,cli
205,claude-code,claude,code
206,claude-code,claude,code,cli
207,cli,command,line
208,cli,command,line,interface
209,cli,commandline,interface
210,climate-change,carbon,emissions
211,climate-change,carbon,footprint
212,climate-change,climate,change
213,climate-change,climate,crisis
214,climate-change,global,warming
215,climate-change-mitigation,climate,change,mitigation
216,climate-change-mitigation,recapturing,carbon,emissions
217,climate-change-mitigation,recapturing,ghg,emissions
218,climate-change-mitigation,reducing,carbon,emissions
219,climate-change-mitigation,reducing,ghg,emissions
220,cloud-run,cloud,run
221,cloud-run,google,cloud,run
222,cms,content,manage,system
223,cms,content,management
224,cms,content,management,system
225,coap,coap,protocol
226,code-quality,code,quality
227,code-review,code,review
228,codeception,codeception,module
229,codechef,codechef,solutions
230,codeigniter,code,igniter
231,collectible-card-game,card,game
232,collectible-card-game,collectible,card,game
233,collectible-card-game,trading,card,game
234,combat-flight-simulator,combat,flight,simulator
235,combat-flight-simulator,combat,flight,simulator,game
236,common-lisp,common,lisp
237,composer,composer,package
238,composer,packagist,package
239,computer-algebra,computer,algebra
240,computer-algebra,symbolic,algebra
241,computer-science,comp,sci
242,computer-science,computer,science
243,computer-vision,computer,vision
244,computer-vision,machine,vision
245,computercraft-tweaked,computercraft,tweaked
246,concourse-ci,concourse,ci
247,confidential-computing,confidential,computing
248,continuous-delivery,continuous,delivery
249,continuous-deployment,continuous,deployment
250,continuous-integration,continuou,integrate
251,continuous-integration,continuous,integration
252,cordova,apache,cordova
253,corruptor,data,corruptor
254,corruptor,game,corruptor
255,corruptor,rom,corruptor
256,covid-19,covid,19
257,cpp,c,plus
258,cpp,cplusplus,11
259,cpp,plus,plus
260,creative-commons,cc,by
261,creative-commons,cc,by,nc
262,creative-commons,cc,by,nc,nd
263,creative-commons,cc,by,nc,sa
264,creative-commons,cc,by,nd
265,creative-commons,cc,by,sa
266,creative-commons,creative,commons
267,cryptocurrency,crypto,currenct
268,cryptocurrency,cryptocurrency,exchanges
269,cryptocurrency,cryptocurrency,list
270,cryptocurrency,cryptocurrency,symbols
271,crystal,crystal,lang
272,crystal,crystal,language
273,csg,constructive,solid,geometries
274,csg,constructive,solid,geometry
275,csharp,c,sharp
276,csharp,csharp,code
277,csharp,csharp,library
278,css-framework,css,framework
279,css-modules,css,modules
280,css-reset,css,normalise
281,css-reset,css,reset
282,css-reset,normalize,css
283,css-reset,reset,css
284,cst,derivation,tree
285,cst,parse,tree
286,cst,parsing,tree
287,cube-engine,assault,cube,engine
288,cube-engine,cube,engine
289,cwl,common,workflow,language
290,cybersecurity,information,security
291,dark-mode,dark,mode
292,dark-mode,dark,theme
293,dart,dart,lang
294,data-analysis,data,analysis
295,data-load-tool,data,load,tool
296,data-recovery,data,carving
297,data-recovery,data,recovery
298,data-recovery,digital,forensic
299,data-recovery,photo,recovery
300,data-recovery,recovery,tool
301,data-science,data,science
302,data-science,data,science,algorithm
303,data-science,data,science,project
304,data-space,data,space
305,data-space,data,spaces
306,data-structures,data,structure
307,data-structures,data,structures
308,data-visualization,data,visualization
309,database,data,base
310,dataops,data,ops
311,datetime,date,time
312,dcode-2025,dcode,2025
313,dcode-2025,devclub,nstru
314,debian,debian,linux
315,declarative-programming,declarative,language
316,declarative-programming,declarative,programming
317,deep-learning,deep,learning
318,deep-learning,deep,learning,algorithms
319,deep-learning,deep,learning,papers
320,deep-learning,deep,learning,tutorial
321,deep-neural-networks,deep,neural,network
322,deep-neural-networks,deep,neural,networks
323,defold,defold,engine
324,defold,defold,extension
325,defold,defold,game,engine
326,defold,defold,library
327,defold,defold,module
328,demoscene,demo,scene
329,dependency-injection,dependency,injection
330,dependency-injection,dependency,injection,pattern
331,dependency-management,dependency,management
332,dependency-management,dependency,manager
333,deployer,deployer,php
334,deployer,deployer,recipes
335,deployment,deploy,tool
336,deployment,deployment,manager
337,design-system,design,system
338,desktop,desktop,applications
339,desktop,desktop,computing
340,deta-space,deta,space
341,developer-experience,developer,experience
342,development,software,dev
343,devops,dev,ops
344,digital-public-goods,digital,public,good
345,digital-public-goods,digital,public,goods
346,digital-signage,digital,signage
347,discord-bot,discord,bot
348,discord-bots,discord,bots
349,discord-js,discord,js
350,discord-js,discord,js,bot
351,disk-image,disk,image
352,django,django,application
353,django,django,framework
354,dll-injector,dll,injector
355,dmx512,dmx,512
356,dmx512,dmx,512a
357,docker,docker,container
358,docker-compose,docker,compose
359,docker-image,docker,image
360,dockerfile,docker,file
361,documentation,documentation,generator
362,dom,dom,element
363,dom,dom,elements
364,dom,dom,node
365,dom,dom,tree
366,domain-driven-design,domain,driven,design
367,dotenv,dot,env
368,dotenv,env,file
369,dotfiles,dot,files
370,dotnet,dot,net
371,dotnet,dotnet,core
372,dragonruby,dragonruby,gtk
373,dungeon-crawl,dungeon,crawl
374,dungeon-crawl,dungeon,crawl,game
375,dungeon-crawl,dungeon,crawler
376,dwd,deutscher,wetterdienst
377,edge,edge,browser
378,edge,microsoft,edge
379,effector,effector,js
380,egui,egui,rs
381,egui,egui,rust
382,einstein-problem,einstein,problem
383,ejs,ejs,templating
384,eksisozluk,eksi,sozluk
385,electron,atom,shell
386,elite-dangerous,elite,dangerous
387,elm,elm,lang
388,elm,elm,language
389,eloquent,eloquent,orm
390,emoji,emoji,keyboard
391,emoji,emoji,unicode
392,end-to-end-encryption,end,to,end,encryption
393,endless-sky,endless,sky
394,endless-sky-plugins,endless,sky,plugins
395,entity-resolution,data,disambigation
396,entity-resolution,data,matching
397,entity-resolution,de,duplication
398,entity-resolution,entity,linking
399,entity-resolution,entity,matching
400,entity-resolution,entity,resolution
401,entity-resolution,link,discovery
402,entity-resolution,record,linkage
403,error-propagation,error,propagation
404,error-propagation,uncertainty,propagation
405,escape-the-room,escape,the,room
406,escape-the-room,escape,the,room,game
407,escape-the-room,room,escape
408,escape-the-room,room,escape,game
409,eslint,eslint,config
410,eslint,eslint,plugin
411,esolang,esoteric,language
412,evergreen-ils,evergreen,ils
413,exploit,vulnerability,exploit
414,express,express,js
415,fabricmc,fabric,mod
416,fabricmc,fabricmc,mod
417,fabricmc,minecraft,fabric
418,fabricmc,minecraft,fabric,mod
419,facebook,facebook,api
420,facebook,facebook,graph,api
421,fair-source,fair,source
422,fantasy-console,fantasy,computer
423,fantasy-console,fantasy,console
424,fantasy-game,fantasy,game
425,feathers,feathers,js
426,fedora,fedora,linux
427,fedora,fedora,workstation
428,felgo,vplay,engine
429,fighting-game,fighting,game
430,finite-element-method,finite,element,analysis
431,finite-element-method,finite,element,method
432,finite-element-method,finite,elements
433,finite-state-machine,finite,automata
434,finite-state-machine,finite,automaton
435,finite-state-machine,finite,automatons
436,finite-state-machine,finite,state,automata
437,finite-state-machine,finite,state,automaton
438,finite-state-machine,finite,state,automatons
439,finite-state-machine,finite,state,machine
440,finite-state-machine,finite,state,machines
441,finite-state-machine,state,machine
442,firefox,firefox,browser
443,firefox,firefox,quantum
444,firefox,mozilla,firefox
445,firefox-extension,add,ons,for,firefox
446,firefox-extension,firefox,addon
447,firefox-extension,firefox,addons
448,firefox-extension,firefox,extension
449,firefox-extension,firefox,extensions
450,firefox-extension,firefox,webextension
451,firefox-extension,firefox,webextensions
452,first,first,robotics
453,first-person-shooter,first,person,shooter
454,first-person-shooter,first,person,shooter,game
455,first-robotics-competition,first,frc
456,first-robotics-competition,first,robotics,competition
457,first-tech-challenge,first,ftc
458,first-tech-challenge,first,tech,challenge
459,first-tech-challenge,ftc,robot,controller
460,first-tech-challenge,ftc,sdk
461,fish,fish,packages
462,fish,fish,plugin
463,fish,fish,shell
464,fish,oh,my,fish
465,flight,flight,php
466,flight-simulator,flight,simulation
467,flight-simulator,flight,simulation,game
468,flight-simulator,flight,simulator
469,flight-simulator,flight,simulator,game
470,flightgear,flightgear,flight,simulator
471,flightgear,flightgear,simulator
472,flipperzero,flipper,zero
473,flow-blockchain,flow,blockchain
474,fluent-design,fluent,design
475,font,font,face
476,font,font,size
477,for-the-love-of-code,for,the,love,of,code
478,frame-interpolation,frame,interpolation
479,frame-interpolation,image,interpolation
480,frame-interpolation,video,interpolation
481,framer-motion,framer,motion
482,frontend,front,end
483,frontend,frontend,developer
484,functional-programming,functional,program
485,functional-programming,functional,programming
486,fuzzing,api,fuzzing
487,fuzzing,fuzz,testing
488,game-development,game,dev
489,game-development,game,development
490,game-engine,game,engine
491,game-engine,game,engine,development
492,game-engine,game,engine,framework
493,game-engine,game,engines
494,game-jam,game,jam
495,game-jam-game,game,jam,game
496,game-jam-game,jam,code
497,game-off,game,off
498,game-off,github,game,off
499,gameboy,gameboy,advance
500,gameboy,gameboy,color
501,gamemaker,game,maker,language
502,gamemaker,gamemaker,language
503,gamemaker,gamemaker,studio
504,garrysmod,garrys,mod
505,gatsby,gatsby,js
506,gcj02,bd,09ll
507,gcj02,bd,09mc
508,gcj02,gcj,02
509,geneontology,gene,ontology
510,generative-adversarial-network,adversarial,network,generative
511,generative-adversarial-network,generative,adversarial,network
512,generative-adversarial-network,generative,adversarial,networks
513,generator,electricity,generator
514,generator,power,generator
515,genshin-impact,genshin,impact
516,geode-mods,geode,mods
517,geojson,geo,json
518,geojson,rfc,7946
519,geometry-dash,geometry,dash
520,getting-things-done,getting,things,done
521,gh-extension,gh,extension
522,gin,gin,contrib
523,gin,gin,gonic
524,github,github,pesonal
525,github-api,github,api
526,github-desktop,github,desktop
527,gitlab,git,lab
528,global-game-jam,global,game,jam
529,gmail,gmail,api
530,gmail,gmail,bot
531,gmail,gmail,inbox
532,gmail,gmail,login
533,gmail,gmail,smtp
534,gmail,google,mail
535,go,golang,examples
536,god-game,artificial,life
537,god-game,artificial,life,game
538,god-game,god,game
539,godot,godot,engine
540,godot,godot,game,engine
541,golem,golem,network
542,golfing-language,golfing,language
543,google-admin,google,admin
544,google-admin,google,admin,api
545,google-admin,google,admin,sdk
546,google-apps-script,apps,script
547,google-apps-script,google,apps,script
548,google-apps-script,google,apps,script,api
549,google-apps-script,google,script
550,google-calendar,google,calendar
551,google-calendar,google,calendar,api
552,google-chat,google,chat
553,google-chat,google,chat,api
554,google-chat,hangouts,chat
555,google-classroom,google,classroom
556,google-classroom,google,classroom,api
557,google-cloud,google,cloud
558,google-cloud,google,cloud,platform
559,google-cloud-identity,google,cloud,identity
560,google-cloud-identity,google,cloud,identity,api
561,google-docs,google,docs
562,google-docs,google,docs,api
563,google-drive,drive,google
564,google-drive,google,drive
565,google-drive,google,drive,api
566,google-forms,google,forms
567,google-forms,google,forms,api
568,google-groups,google,groups
569,google-groups,google,groups,api
570,google-keep,google,keep
571,google-keep,google,keep,api
572,google-maps,google,maps
573,google-meet,google,meet
574,google-meet,google,meet,api
575,google-sheets,google,sheets
576,google-sheets,google,sheets,api
577,google-sheets,google,spreadsheet
578,google-sheets,google,spreadsheets
579,google-slides,google,slides
580,google-slides,google,slides,api
581,google-tasks,google,tasks
582,google-tasks,google,tasks,api
583,google-vault,google,vault
584,google-vault,google,vault,api
585,google-workspace,google,workspace
586,google-workspace,google,workspace,api
587,gpl,gnu,general,public,license
588,gpl,gnu,public,license
589,grapheneos,android,hardening
590,grapheneos,android,hardening,project
591,grapheneos,androidhardening,project
592,grapheneos,copperhead,os
593,grapheneos,graphene,os
594,graphql,graphql,api
595,graphql,graphql,client
596,graphql,graphql,query
597,graphql,graphql,schema
598,graphql,graphql,server
599,green-software,green,computing
600,green-software,green,software
601,green-software,sustainable,software
602,grid-computing,grid,computing
603,gtfs,gtfs,dataset
604,gtfs,gtfs,realtime
605,gui,graphical,user,interface
606,guilded,guilded,gg
607,guildwars2,guild,wars
608,gulp,gulp,js
609,hack-and-slash,hack,and,slash
610,hack-and-slash,hack,and,slash,game
611,hack-and-slash,hack,and,slay,game
612,hack-and-slash,hack,slash
613,hack-and-slash,hack,slash,game
614,hack-and-slash,hack,slay
615,hack-and-slash,hack,slay,game
616,hackathon-kit,hack,kit
617,hackathon-kit,hackathon,kit
618,hackathon-organiser,event,organiser
619,hackathon-organiser,event,organizer
620,hackathon-organiser,hack,organiser
621,hackathon-organiser,hack,organizer
622,hackathon-organiser,hackathon,organiser
623,hackathon-organiser,hackathon,organizer
624,hackerrank,hackerrank,30dayschallange
625,hackerrank,hackerrank,algorithms,solutions
626,hackerrank,hackerrank,challenges
627,hackerrank,hackerrank,cpp
628,hackerrank,hackerrank,java
629,hackerrank,hackerrank,javascript
630,hackerrank,hackerrank,python
631,hackerrank,hackerrank,solutions
632,hackerrank,hackerrank,sql
633,hacktoberfest,hacktoberfest,challenge
634,hacktoberfest,hacktoberfest,contribute
635,hacktoberfest,hacktoberfest,contributions
636,hacktoberfest,hacktoberfest,maintainer
637,hacktoberfest,hacktoberfest,participants
638,hacktoberfest,hacktoberfest,project
639,hacktoberfest,hacktoberfest,repo
640,hacktoberfest,hacktoberfest,topic
641,hammer,hammer,editor
642,hammer,valve,hammer
643,hdu,hangzhou,dianzi,university
644,highlightjs,highlight,js
645,hms,hms,core
646,home-assistant,home,assistant
647,honojs,hono,js
648,html,html,pesonal
649,hugo,hugo,theme
650,icon-font,icon,font
651,icon-font,icon,fonts
652,id-tech,id,tech
653,image-processing,digital,image,processing
654,image-processing,image,process
655,image-processing,image,processing
656,imagej,fiji,plugin
657,incremental-game,clicker,game
658,incremental-game,clicking,game
659,incremental-game,idle,game
660,incremental-game,incremental,game
661,infoarena,info,arena
662,infoarena,info,arena,ro
663,infoarena,infoarena,ro
664,infrastructure-as-code,infrastructure,as,code
665,integration-testing,integration,testing
666,integration-testing,integration,tests
667,intellij-idea,intellij,idea
668,interactive-fiction,interactive,fiction
669,interactive-film,interactive,film
670,interactive-film,interactive,video
671,interactive-film,interative,movie
672,interactive-film,movie,game
673,internet-archive,internet,archive
674,internet-archive,wayback,machine
675,interview,interview,questions
676,interview,job,interview
677,io,io,domain
678,io,io,game
679,io,io,website
680,ios,ios,app
681,ios,ios,swift
682,iot,internet,of,things
683,iot,internet,thing
684,ipfs,go,ipfs
685,ipfs,ipfs,api
686,ipfs,ipfs,daemon
687,ipfs,ipfs,protocol
688,ipfs,ipfs,webui
689,ipfs,js,ipfs
690,irc,internet,relay,chat
691,irc,irc,chat
692,irc,irc,network
693,irc,irc,website
694,iris,iris,framework
695,iris,iris,go
696,iris,iris,golang
697,iso-8601,iso,8601
698,itmo,itmo,university
699,jakarta-ee,jakarta,ee
700,jamstack,jam,stack
701,java,java,11
702,java,java,build
703,java,java,se
704,javafx,java,fx
705,javafx,javafx,application
706,javafx,javafx,desktop,apps
707,javafx,javafx,gui
708,javafx,javafx,library
709,jekyll,jekyll,site
710,jekyll,jekyll,theme
711,jekyll,jekyll,themes
712,jekyll,jekyll,website
713,jenkins,jenkins,ci
714,jenkins,jenkins,pipeline
715,jetbrains-mps,jetbrains,mps
716,jetpack-compose,jetpack,compose
717,json-api,json,api
718,json-schema,json,schema
719,julia,julia,language
720,julia-sets,julia,fractal
721,julia-sets,julia,set
722,julia-sets,julia,sets
723,jupyter-notebook,ipynb,jupyter,notebook
724,jupyter-notebook,ipynb,notebook
725,jupyter-notebook,ipython,notebook
726,jupyter-notebook,jupyter,notebook
727,jwt,json,web,token
728,jwt,json,web,tokens
729,jwt,jwt,auth
730,jwt,jwt,authentication
731,jwt,jwt,token
732,jwt,jwt,tokens
733,jwt,rfc,7519
734,kart-racing,cart,racing
735,kart-racing,cart,racing,game
736,kart-racing,go,kart,racing
737,kart-racing,go,kart,racing,game
738,kart-racing,kart,racing
739,kart-racing,kart,racing,game
740,kerbal-space-program,kerbal,space
741,kerbal-space-program,kerbal,space,program
742,kernel,micro,kernel
743,kex-engine,kex,engine
744,kiota-index,kiota,index
745,kiota-index,openapi,index
746,kivy,kivy,application
747,kivy,kivy,framework
748,kivy,kivy,language
749,kivy,kivy,widget
750,kivy,python,kivy
751,koa,koa,middleware
752,kontent-ai,kontent,ai
753,kotlin-multiplatform,kotlin,multiplatform
754,lamp,lamp,server
755,laravel,laravel,framework
756,latex,latex,class
757,latex,latex,document
758,latex,latex,examples
759,latex,latex,package
760,latex,latex,template
761,league-of-legends,lcu,api
762,league-of-legends,league,client
763,league-of-legends,league,client,api
764,league-of-legends,league,of,legends
765,league-of-legends,league,of,legends,api
766,league-of-legends,league,of,legends,client
767,league-of-legends,riot,games,league
768,less,less,css
769,life-simulator,life,simulator
770,life-simulator,life,simulator,game
771,light-gun-shooter,light,gun,shooter
772,light-gun-shooter,light,gun,shooter,game
773,liko-12,liko,12
774,linux,linux,app
775,linux,linux,desktop
776,linux,linux,distribution
777,linux,linux,kernel
778,linux-learning,learn,linux
779,linux-learning,linux,education
780,linux-learning,linux,guides
781,linux-learning,linux,knowledge
782,linux-learning,linux,learning
783,linux-learning,linux,tutorials
784,livewire,laravel,livewire
785,ll-parser,ll,parser
786,llm,large,language,model
787,localstorage,local,storage
788,logging,application,logging
789,logging,audit,trail
790,logging,data,logging
791,logging,error,logging
792,logging,event,logging
793,logging,log,analysis
794,logging,logging,framework
795,logging,system,logging
796,love2d,love2d,framework
797,low-code,low,code
798,low-code,low,code,development
799,lr-parser,lr,parser
800,lr-parser,lr,parsing
801,ludum-dare,ludum,dare
802,machine-learning,learing,mechine
803,machine-learning,machine,learning
804,machine-learning,machine,learning,algorithms
805,machine-learning,machine,learning,application
806,machine-learning,machine,learning,library
807,machine-learning,machine,learning,models
808,machinima,machine,cinema
809,machinima,quake,movie
810,macos,mac,osx
811,macos,macos,app
812,macos,macos,sierra
813,mahapps,mahapps,metro
814,malware,computer,malware
815,mantine,mantine,core
816,mantine,mantine,hooks
817,mantine,mantine,ui
818,mariadb,mariadb,server
819,markdown,markdown,editor
820,marketing,digital,marketing
821,marketing,go,to,market
822,massively-multiplayer-online,massively,multiplayer,online
823,massively-multiplayer-online,massively,multiplayer,online,game
824,material-design,material,design
825,material-design,material,design,principles
826,material-design-for-bootstrap,material,design,for,bootstrap
827,mathcomp,math,comp
828,matlab,matrix,laboratory
829,matrix-org,matrix,org
830,matter,matter,devices
831,matter,matter,iot
832,matter,matter,smarthome
833,maven,apache,maven
834,maze,maze,algorithms
835,maze,maze,creation
836,maze,maze,generation
837,maze,maze,generation,algorithms
838,maze,maze,generator
839,maze,maze,solver
840,maze,maze,solving
841,maze,maze,solving,algorithms
842,mcp,model,context,protocol
843,mcp-server,mcp,server
844,mcp-server,mcp,servers
845,mdx,mdx,js
846,mean-stack,mean,stack
847,media-queries,media,queries
848,media-queries,media,query
849,mediawiki,mediawiki,api
850,medical-imaging,biological,imaging
851,medical-imaging,imaging,medical
852,medical-imaging,medical,imaging
853,medical-imaging,ultrasound,imaging
854,medium,medium,api
855,medium,medium,app
856,medium,medium,article
857,medium,medium,com
858,medium,medium,editor
859,mercury-lang,mercury,lang
860,mern,mern,stack
861,metroidvania,metroidvania,game
862,microcontroller,micro,controller
863,microcontroller,micro,controllers
864,micropython,micro,python
865,microservice,micro,service
866,mill-plugin,mill,plugin
867,minecraft,minecraft,java
868,minecraft-addon,mcpe,addon
869,minecraft-addon,minecraft,addon
870,minecraft-addon,minecraft,bedrock,addon
871,minecraft-addon,minecraftpe,mods
872,minecraft-bedrock-edition,bedrock,edition
873,minecraft-bedrock-edition,minecraft,bedrock,edition
874,minecraft-forge,minecraft,forge
875,minecraft-forge,minecraft,forge,mod
876,minecraft-forge,minecraft,forge,modification
877,minecraft-forge,minecraft,forge,mods
878,minecraft-mod,minecraft,mod
879,minecraft-mod,minecraft,modding
880,minecraft-mod,minecraft,modpack
881,minecraft-plugin,minecraft,plugin
882,minecraft-server,bedrock,server
883,minecraft-server,mc,server
884,minecraft-server,mcpe,server
885,minecraft-server,minecraft,server
886,minetest,minetest,game
887,minetest,minetest,mod
888,mlx,ml,explore
889,mobile,mobile,apps
890,molecular-dynamics,molecular,dynamics
891,molecular-dynamics,molecular,dynamics,simulation
892,moleculer,moleculer,framework
893,monero,monero,crypto
894,monero,monero,cryptocurrency
895,mongodb,mongo,db
896,mongodb,mongodb,database
897,mongoose,mongoose,js
898,mongoose,mongoose,model
899,mongoose,mongoose,plugin
900,motorola-68000,68000,family
901,motorola-68000,68000,processor
902,motorola-68000,68000,series
903,motorola-68000,motorola,68000
904,motorola-68000,motorola,680x0
905,mount-and-blade-bannerlord,bannerlord,mod
906,mount-and-blade-bannerlord,mount,and,blade,bannerlord
907,move-sui,move,lang
908,move-sui,move,sui
909,mozilla,mozilla,foundation
910,msp-mcp,msp,mcp
911,mud-game,mud,game
912,mud-game,multi,user,dungeon
913,mud-game,multiple,user,dungeon
914,music-game,music,game
915,mvc,model,view,controller
916,mvvmcross,mvvmcross,plugin
917,mvvmcross,xamarin,mvvmcross
918,mysql,mysql,database
919,nanocurrency,nano,currency
920,nasa-pace,nasa,pace
921,nebula-graph,nebula,graph
922,neovim,neovim,clients
923,neovim,neovim,guis
924,neovim,neovim,qt
925,nestjs,nest,js
926,netbox-plugin,netbox,plugin
927,netbox-plugin,netbox,plugins
928,nette,nette,framework
929,network,computer,networks
930,neural-network,artificial,neural,network
931,neural-network,neural,network
932,nextjs,next,js
933,nexus-mods,nexus,mods
934,nim,nim,lang
935,nim,nim,language
936,nix,nix,lang
937,nlp,language,natural
938,nlp,natural,language,processing
939,nlp,nlp,machine,learning
940,nlp,nlp,resources
941,no-code,no,code
942,noaa-nsap,noaa,nsap
943,nodejs,node,js
944,nosql,no,sql
945,nosql,nosql,database
946,nosql,nosql,databases
947,npm,npm,package
948,nuget,nuget,package
949,nvidia,nvidia,gpu
950,oai-pmh,oai,pmh
951,oauth2,rfc,6749
952,objective-c,object,c
953,obsidian-md,obsidian,md
954,oidc,openid,connect
955,online-judge,online,judge
956,oop,object,oriented,design
957,oop,object,oriented,programming
958,open-access,open,access
959,open-data,open,data
960,open-graph,open,graph
961,open-graph,open,graph,protocol
962,open-graph,open,graph,tags
963,open-graph,opengraph,tags
964,open-policy-agent,open,policy,agent
965,open-props,open,props
966,open-source,open,source
967,openapi,open,api
968,openapi,open,api,specification
969,openapi,openapi,description
970,openapi,openapi,spec
971,openapi,openapi,specification
972,openapi,swagger,spec
973,openapi,swagger,specification
974,openfaas,faas,cli
975,openfaas,open,faas
976,openfeature,open,feature
977,openfin,openfin,api
978,openstreetmap,collaborative,mapping
979,opentelemetry,open,telemetry
980,operating-system,operating,system
981,operating-system,operating,system,examples
982,operating-system,operating,systems
983,operating-system,operating,systems,tutorials
984,oracle-database,oracle,database
985,oracle-database,oracle,db
986,orm,object,relational,mapper
987,orm,object,relational,mapping
988,p2p,peer,to,peer
989,package-manager,package,manager
990,package-manager,package,manager,tool
991,parsing,backus,naur,form
992,parsing,lexical,analysis
993,parsing,parser,generator
994,password-store,password,store
995,perceptual-hashing,perceptual,hash
996,perceptual-hashing,perceptual,hashing
997,perl,perl,script
998,pewpew-live,pewpew,live
999,pharo,pharo,project
1000,pharo,pharo,smalltalk
1001,php,php,52
1002,php,php,53
1003,php,php,54
1004,php,php,56
1005,php,php,71
1006,php,php,72
1007,php,php,74
1008,php,php,81
1009,php,php,82
1010,php,php,83
1011,php-fusion,php,fusion
1012,php-fusion,php,fusion,cms
1013,php-fusion,php,fusion,infusions
1014,php-fusion,php,fusion,themes
1015,pihole,pi,hole
1016,pip,pip,package
1017,pip,pypi,package
1018,pixel-art,art,pixel
1019,pixel-art,pixel,art
1020,pixel-vision-8,pixel,vision
1021,plaintext-accounting,plain,text,accounting
1022,plaintext-accounting,plaintext,accounting
1023,platform-game,platform,game
1024,playdate,panic,playdate
1025,playdate,playdate,console
1026,playdate-sdk,panic,playdate,sdk
1027,playdate-sdk,playdate,sdk
1028,pmmp,pmmp,plugin
1029,pmmp,pocketmine,mp
1030,pmmp,pocketmine,mp,plugin
1031,pmmp,pocketmine,plugin
1032,pmmp,pocketmine,plugins
1033,point-and-click,point,and,click
1034,point-and-click,point,click
1035,point-cloud,3d,point,clouds
1036,point-cloud,point,cloud
1037,ponylang,pony,language
1038,portfolio,career,portfolio
1039,portfolio,personal,website
1040,portfolio,portfolio,template
1041,portfolio,portfolio,website
1042,post-quantum-cryptography,post,quantum
1043,post-quantum-cryptography,post,quantum,cryptography
1044,post-quantum-cryptography,quantum,safe,cryptography
1045,pov-ray,pov,ray
1046,powershell,powershell,core
1047,powershell,powershell,script
1048,powershell,windows,powershell
1049,powertoys,microsoft,powertoys
1050,preact,preact,js
1051,prestashop,prestashop,ecommerce
1052,prestashop,project,prestashop
1053,prettier,prettier,js
1054,product-management,product,management
1055,programming,software,programming
1056,programming-language,programming,languages
1057,project-management,project,management
1058,psr-11,psr,11
1059,psr-15,psr,15
1060,pubsub,publish,subscribe
1061,pubsub,publish,subscribe,pattern
1062,pulsar,apache,pulsar
1063,purescript,pure,script
1064,puzzle-game,puzzle,game
1065,pwa,application,progressive,web
1066,pwa,progressive,web,app
1067,pwa,progressive,web,apps
1068,pycharm,pycharm,ide
1069,qiskit,ibm,qiskit
1070,qiskit,qiskit,addon
1071,qiskit,qiskit,ibm,sdk
1072,qiskit,qiskit,sdk
1073,qrcode,code,qr
1074,qrcode,qr,code
1075,qt,qt,application
1076,qt,qt,framework
1077,quantum-computing,quantum,computer
1078,quantum-computing,quantum,computers
1079,quantum-computing,quantum,computing
1080,quarkus,quarkus,framework
1081,quarto,quarto,pub
1082,quicklook,quicklook,extension
1083,quicklook,quicklook,plugin
1084,quiltmc,minecraft,quilt
1085,quiltmc,minecraft,quilt,mod
1086,quiltmc,quilt,mod
1087,quiltmc,quiltmc,mod
1088,racing-game,racing,game
1089,racing-simulator,racing,simulator
1090,racing-simulator,racing,simulator,game
1091,racket,racket,lang
1092,racket,racket,language
1093,rails,rails,application
1094,rails,rails,tutorial
1095,rails,ruby,on,rails
1096,rails,ruby,rail
1097,randomizer,randomizer,mod
1098,randomizer,randomizer,tool
1099,randomizer,video,game,randomizer
1100,raspberry-pi,pi,raspberry
1101,raspberry-pi,raspberry,pi
1102,raspberry-pi,raspberry,pi,camera
1103,raycast-extension,raycast,extension
1104,react,react,js
1105,react-native,native,react
1106,react-native,react,native
1107,react-native,react,native,app
1108,react-router,react,router
1109,real-time-strategy,real,time,strategy
1110,real-time-strategy,real,time,strategy,game
1111,real-time-tactics,real,time,tactics
1112,real-time-tactics,real,time,tactics,game
1113,red,red,language
1114,reddit,reddit,api
1115,reddit,reddit,application
1116,reddit,reddit,bot
1117,reddit,reddit,client
1118,reddit,reddit,clone
1119,reddit,reddit,scraper
1120,redis,redis,db
1121,reflex-frp,reflex,frp
1122,regular-expression,expression,regular
1123,regular-expression,regular,expression
1124,regular-expression,regular,expressions
1125,reinforcement-learning,reinforcement,learning
1126,remarkable-tablet,remarkable,tablet
1127,remix-stack,remix,stack
1128,replit,replit,ide
1129,representation-learning,representation,learning
1130,rest-api,rest,api
1131,rest-api,rest,api,tutorial
1132,retro-game,classic,game
1133,retro-game,classic,gaming
1134,retro-game,old,school,game
1135,retro-game,old,school,gaming
1136,retro-game,retro,game
1137,retro-game,retro,gaming
1138,reverse-engineering,engineer,reverse
1139,reverse-engineering,reverse,engineering
1140,rhythm-game,rhythm,game
1141,riot-games,riot,games
1142,riot-games,riot,games,api
1143,riot-games,riotgames,api
1144,riot-os,riot,os
1145,riscos,risc,os
1146,riscv,riscv,core
1147,riscv,riscv,cpu
1148,roblox,roblox,studio
1149,robotframework,robot,framework
1150,rocket,rocket,api
1151,rocket,rocket,rust
1152,roguelike,roguelike,game
1153,roguelite,roguelite,game
1154,role-playing-game,computer,role,playing
1155,role-playing-game,computer,role,playing,game
1156,role-playing-game,role,playing
1157,role-playing-game,role,playing,game
1158,rpc,remote,procedure,call
1159,rss,rfc,4287
1160,runtime-node,distroless,node
1161,runtime-node,hardened,node
1162,runtime-node,node,runtime
1163,runtime-node,runtime,node
1164,runtime-node,scratch,node
1165,runtime-node,secure,node
1166,rust,rust,lang
1167,rust,rust,language
1168,saas,software,as,service
1169,sailfishos,sailfish,os
1170,sandstorm,sandstorm,io
1171,sas,sas,programming
1172,sas,sas,studio
1173,sas,sas,viya
1174,sass,node,sass
1175,sass,sass,embedded
1176,sass,sass,framework
1177,sass,sass,library
1178,sass,sass,mixins
1179,sass,scss,framework
1180,sauerbraten,sauerbraten,engine
1181,scikit-learn,learn,scikit
1182,scikit-learn,scikit,learn
1183,sciter,sciter,sdk
1184,scpsl-labapi,scpsl,labapi
1185,sdk,software,development,kit
1186,sdn,software,defined,network
1187,sdn,software,defined,networking
1188,security,security,audit
1189,security,security,tools
1190,security,security,vulnerability
1191,selenium,selenium,webdriver
1192,self-hosted,self,host
1193,self-hosted,self,hostable
1194,self-hosted,self,hosted
1195,self-hosted,self,hosting
1196,semantic-web,semantic,web
1197,seo,search,engine,optimization
1198,serious-engine,croteam,engine
1199,serious-engine,serious,editor
1200,serious-engine,serious,engine
1201,serious-engine,serious,sam,engine
1202,server-side-rendering,server,side,rendering
1203,serverless,serverless,architecture
1204,serverless,serverless,computing
1205,serverless,serverless,examples
1206,service-fabric,azure,service,fabric
1207,service-fabric,service,fabric
1208,shadcn-ui,shadcn,ui
1209,shell,shell,script
1210,shell,shell,scripts
1211,shizuku,shizuku,android
1212,shizuku,shizuku,app
1213,shoot-em-up,shoot,em,up
1214,shoot-em-up,shoot,em,up,game
1215,shooter,shooter,game
1216,simulator,simulator,game
1217,sketch,sketch,plugin
1218,smoke-tests,smoke,test
1219,smoke-tests,smoke,tests
1220,social-simulator,social,simulator
1221,social-simulator,social,simulator,game
1222,socket-io,socket,io
1223,software,software,applications
1224,software,software,programs
1225,software-challenge-germany,software,challenge,germany
1226,software-engineering,software,design
1227,software-engineering,software,development
1228,software-engineering,software,engineering
1229,solidity,solidity,language
1230,soundcloud,soundcloud,api
1231,soundcloud,soundcloud,desktop
1232,source-2-engine,source,engine
1233,source-engine,source,2013
1234,source-engine,source,sdk
1235,southpaw-engine,doom,advance
1236,southpaw-engine,duke,nukem,advance
1237,southpaw-engine,southpaw,engine
1238,sovereign-ai,sovereign,ai
1239,sovereign-ai,sovereign,artificial,intelligence
1240,space-flight-simulator,space,flight,simulator
1241,space-flight-simulator,space,flight,simulator,game
1242,spacetraders,spacetraders,api
1243,spacetraders,spacetraders,client
1244,spacetraders,spacetraders,gui
1245,spacetraders,spacetraders,v2
1246,spacevim,space,vim
1247,spark,apache,spark
1248,sports-game,sports,game
1249,spotify,spotify,playlist
1250,spring,spring,framework
1251,spring-boot,spring,boot
1252,spring-mvc,spring,mvc
1253,spring-mvc,spring,webmvc
1254,sql,alchemy,sql
1255,sql-server,microsoft,sql,server
1256,sql-server,ms,sql,server
1257,sql-server,mssql,database
1258,sql-server,sql,server
1259,squeak,squeak,smalltalk
1260,squirrel-lang,alberto,demichelis
1261,squirrel-lang,squirrel,lang
1262,sre,site,reliability,engineering
1263,ss13,space,station,13
1264,sso,single,sign,on
1265,stackoverflow,stack,overflow
1266,stackoverflow,stackoverflow,answer
1267,stackoverflow,stackoverflow,questions
1268,standard-ml,standard,ml
1269,stata,stata,command
1270,stata,stata,package
1271,stata,stata,packages
1272,static-code-analysis,static,code,analysis
1273,static-code-analysis,static,program,analysis
1274,stealth-game,sneak,em,up
1275,stealth-game,stealth,game
1276,stem,stem,education
1277,stimulus,stimulus,controller
1278,stimulus,stimulus,controllers
1279,stimulus,stimulus,js
1280,strategy-game,strategy,game
1281,styled-components,styled,components
1282,sublime-text,sublime,text
1283,suckless,suckless,org
1284,supabase,supabase,js
1285,survival,survival,game
1286,survival-horror,survival,horror
1287,survival-horror,survival,horror,game
1288,swift,swift,language
1289,swift-vapor,swift,vapor
1290,swing,java,swing
1291,symfony,symfony,bundle
1292,symfony,symfony,component
1293,syntax-highlighting,highlighting,syntax
1294,syntax-highlighting,syntax,highlighting
1295,synthetic-biology,synthetic,biology
1296,t3-stack,t3,stack
1297,tactical-role-playing,tactical,role,playing
1298,tactical-role-playing,tactical,role,playing,game
1299,tactical-shooter,tactical,shooter
1300,tactical-shooter,tactical,shooter,game
1301,tads,text,adventure,development,system
1302,tailwind,tailwind,css
1303,tailwind,tailwind,scaffolding
1304,tas,tool,assisted,speedrun
1305,tdd,test,driven,development
1306,teamfight-tactics,teamfight,tactics
1307,telegram,telegram,api
1308,telegram,telegram,bot
1309,telegram,telegram,client
1310,tensorflow,tensorflow,examples
1311,tensorflow,tensorflow,experiments
1312,tensorflow,tensorflow,models
1313,tensorflow,tensorflow,tutorial
1314,tensorflow,tensorflow,tutorials
1315,terminal,command,prompt
1316,terminal,computer,terminal
1317,termux,termux,app
1318,terraform,hashicorp,terraform
1319,terraform,terraform,configurations
1320,terraform,terraform,module
1321,terraform,terraform,modules
1322,terraform,terraform,providers
1323,test-automation,automated,testing
1324,test-automation,automated,tests
1325,test-automation,test,automation
1326,test-automation,testing,automation
1327,testing,pen,test
1328,testing,penetration,test
1329,testing,testing,framework
1330,testing,testing,practices
1331,testing,testing,tools
1332,text-adventure,text,adventure
1333,text-adventure,text,adventure,game
1334,text-adventure,text,based
1335,text-adventure,text,based,game
1336,text-adventure,text,game
1337,thelounge,thelounge,theme
1338,third-person-shooter,3rd,person,shooter
1339,third-person-shooter,3rd,person,shooter,game
1340,third-person-shooter,third,person,shooter
1341,third-person-shooter,third,person,shooter,game
1342,threejs,three,js
1343,tic-80,tic,80
1344,tiktok,tik,tok
1345,time-management-game,time,management
1346,time-management-game,time,management,game
1347,tldr,tldr,pages
1348,todo,task,manager
1349,todo,to,do
1350,todo,todo,list
1351,toit,toit,language
1352,tower-defense,tower,defence
1353,tower-defense,tower,defence,game
1354,tower-defense,tower,defense
1355,tower-defense,tower,defense,game
1356,tree-sitter,tree,sitter
1357,turn-based,turn,based
1358,turn-based,turn,based,game
1359,turn-based-strategy,turn,based,strategy
1360,turn-based-strategy,turn,based,strategy,game
1361,turn-based-tactics,tactical,turn,based
1362,turn-based-tactics,tactical,turn,based,game
1363,turn-based-tactics,turn,based,tactics
1364,turn-based-tactics,turn,based,tactics,game
1365,tutorial,code,learn
1366,tutorial,interview,practice
1367,tutorial,interview,question
1368,twitch,twitch,api
1369,twitch,twitch,bot
1370,twitch,twitch,chat
1371,twitch,twitch,extensions
1372,twitch,twitch,helix
1373,twitch,twitch,irc
1374,twitch,twitch,kraken
1375,twitch,twitch,pubsub
1376,twitch,twitch,tv
1377,typescript,ts,typescript
1378,typescript,type,script
1379,typst,typst,canvas
1380,typst,typst,cv
1381,typst,typst,package
1382,typst,typst,plugin
1383,typst,typst,template
1384,ubuntu,ubuntu,core
1385,ui,user,interface
1386,ui-design,ui,design
1387,ui-design,user,interface,design
1388,umbraco,umbraco,backoffice
1389,umbraco,umbraco,cms
1390,umbraco,umbraco,v10
1391,umbraco,umbraco,v7
1392,umbraco,umbraco,v8
1393,umbraco,umbraco,v9
1394,undertale,under,tale
1395,unigine,unigine,engine
1396,unit-testing,unit,testing
1397,unit-testing,unit,tests
1398,unity,unity,development
1399,unity,unity,editor
1400,unity,unity,game,engine
1401,unity,unity,package,manager
1402,unity,unity,plugin
1403,unity,unity,script
1404,unity,unity,scripts
1405,unity,unity3d,development
1406,unity,unity3d,editor
1407,unity,unity3d,plugin
1408,unity,unity3d,script
1409,unity,unity3d,scripts
1410,unity,upm,package
1411,university-of-texas-arlington,university,of,texas,arlington
1412,university-of-texas-arlington,ut,arlington
1413,unix,unix,os
1414,unix,unix,system
1415,unreal-engine,engine,unreal
1416,unreal-engine,unreal,engine
1417,unrealscript,unreal,script
1418,uri-template,rfc,6570
1419,uri-template,uri,template
1420,uri-template,uri,templates
1421,uwp,universal,windows,platform
1422,ux,user,experience
1423,ux,user,experience,design
1424,ux,ux,design
1425,vae,variational,autoencoder
1426,valorant,valorant,api
1427,valorant,valorant,skins
1428,valorant,valorant,stats
1429,valorant,valorant,video,game
1430,vanilla-js,vanilla,javascript
1431,vanilla-js,vanilla,js
1432,vba,vba,macros
1433,vba,visual,basic,for,applications
1434,vehicle-simulator,vehicle,sim
1435,vehicle-simulator,vehicle,simulator
1436,vehicle-simulator,vehicle,simulator,game
1437,vehicular-combat,vehicular,combat
1438,vehicular-combat,vehicular,combat,game
1439,verilog,hardware,description,language
1440,vibe-coding,vibe,coding
1441,virtual-reality,virtual,reality
1442,virtual-reality,virtual,reality,experiences
1443,virtual-reality,virtual,reality,worlds
1444,visionos,visionos,app
1445,visionos,visionos,swift
1446,visual-basic,vb,net
1447,visual-basic,visual,basic
1448,visual-novel,visual,novel
1449,visual-studio,studio,visual
1450,visual-studio,studio,visual,code
1451,visual-studio,visual,studio
1452,visual-studio-code,visual,studio,code
1453,viur,viur,framework
1454,vk,vk,api
1455,vk,vkontakte,api
1456,vm-box,vm,box
1457,vm-box,vm,virtualbox
1458,vpn,virtual,private,network
1459,vr-game,virtual,reality,game
1460,vr-game,vr,game
1461,vscode-extension,vscode,extension
1462,vut,brno,university,of,technology
1463,wagtail,wagtail,cms
1464,wargame,war,game
1465,wayland,wayland,client
1466,wayland,wayland,compositor
1467,wayland,wayland,protocol
1468,web,world,wide,web
1469,web-accessibility,web,accessibility
1470,web-assembly,web,assembly
1471,web-components,web,component
1472,web-components,web,components
1473,web-monetization,web,monetization
1474,web-of-things,web,of,things
1475,webapp,web,app
1476,webapp,web,application
1477,webextension,web,extension
1478,webextension,web,extensions
1479,website,pesonal,website
1480,whatsapp,whatsapp,bot
1481,whatsapp,whatsapp,chat
1482,whatsapp,whatsapp,web
1483,whistleblowing,whistleblowing,app
1484,whistleblowing,whistleblowing,software
1485,whistleblowing,whistleblowing,tool
1486,wikipedia,wikimedia,commons
1487,windows,windows,10
1488,windows,windows,11
1489,windows-subsystem-for-android,windows,subsystem,for,android
1490,winforms,windows,forms
1491,woodpeckerci,woodpecker,ci
1492,wordpress,wordpress,development
1493,wordpress,wordpress,site
1494,wordpress,wordpress,wp
1495,world-models,world,models
1496,wow,classic,wow
1497,wow,retail,wow
1498,wow,warcraft,world
1499,wow,world,of,warcraft
1500,wow,wow,classic
1501,wow,wow,retail
1502,wpf,windows,presentation,foundation
1503,wsl,windows,subsystem,linux
1504,xampp,xampp,control,panel
1505,xampp,xampp,server
1506,xcode,xcode,theme
1507,xcode,xcode,themes
1508,yarn,yarn,package
1509,yarn,yarn,packages
1510,yii,yii,framework
1511,yii,yii2,extension
1512,yii,yii2,framework
1513,yourls,yourls,client
1514,yourls,yourls,extension
1515,yourls,yourls,plugin
1516,yourls,yourls,translation
1517,youtube,youtube,channel
1518,youtube,youtube,search
1519,youtube,youtube,video
1520,yugioh,yu,gi,oh
1521,zenscript,zen,script
1522,zephyr-rtos,zephyr,rtos
1523,zeplin,zeplin,extension
1524,zig,zig,lang
1525,zig,zig,language
1526,zkp,zero,knowledge,proofs
1527,zsh,oh,zsh
1528,zsh,oh-my-zsh,zsh
1529,zx-spectrum,sinclair,spectrum
1530,zx-spectrum,spectrum,zx
1531,zx-spectrum,zx,spectrum
