1,11ty,eleventy
2,3d-cad,3d
3,3dcad,3d
4,3dmodels,3d
5,4x-game,4x
6,4xgame,4x
7,5g-nr,5g
8,5gc,5g
9,5gnr,5g
10,68000,motorola,68000
11,68k,motorola,68000
12,a11y,web,accessibility
13,aas,asyncapi
14,action,actions
15,ada-2012,ada
16,ada2012,ada
17,ada95,ada
18,aiagent,ai,agent
19,aiagents,ai,agent
20,alloy,alloy,analyzer
21,altium,altium,designer
22,altvmp,altv
23,angular1,angular
24,angular2,angular
25,angular4,angular
26,animes,anime
27,antlr3,antlr
28,antlr4,antlr
29,aoc,advent,of,code
30,aoc-2015,advent,of,code
31,aoc-2016,advent,of,code
32,aoc-2017,advent,of,code
33,aoc-2018,advent,of,code
34,aoc-2019,advent,of,code
35,aoc-2020,advent,of,code
36,aoc-2021,advent,of,code
37,aoc-2022,advent,of,code
38,aoc-2023,advent,of,code
39,aoc-2024,advent,of,code
40,aoc-2025,advent,of,code
41,aoc2015,advent,of,code
42,aoc2016,advent,of,code
43,aoc2017,advent,of,code
44,aoc2018,advent,of,code
45,aoc2019,advent,of,code
46,aoc2020,advent,of,code
47,aoc2021,advent,of,code
48,aoc2022,advent,of,code
49,aoc2023,advent,of,code
50,aoc2024,advent,of,code
51,aoc2025,advent,of,code
52,api-rest,api
53,apirest,api
54,aqavit,adoptium
55,arch,archlinux
56,arg,alternate,reality,game
57,argo,argo,floats
58,arpg,action,role,playing
59,artnet,art,net
60,as,assemblyscript
61,asc,edupage
62,asp-net,aspnet
63,aspnet,aspnet
64,ast,parsing
65,authz,authorization
66,automata,automaton
67,babeljs,babel
68,backbone,backbonejs
69,backend,backend
70,bar-code,barcode
71,barcodes,barcode
72,basic-8,basic8
73,bcdemos,bcsamples
74,bch,bitcoin,cash
75,bd-09ll,gcj02
76,bd-09mc,gcj02
77,bd09,gcj02
78,bd09ll,gcj02
79,bd09mc,gcj02
80,bds,bedrock,dedicated,server
81,beatemup,beat,em,up
82,bel,biological,expression,language
83,bitcoins,bitcoin
84,bnf,parsing
85,bonsairx,bonsai,rx
86,bots,bot
87,bq,bigquery
88,brawler,beat,em,up
89,brew,homebrew
90,build1,build,engine
91,build2,build,engine
92,bulmacss,bulma
93,bunjs,bun
94,c-ansi,c
95,c-sharp,csharp
96,c89,c
97,c99,c
98,cansi,c
99,capnp,capnproto
100,cardgame,collectible,card,game
101,case,casejs
102,case-app,casejs
103,case-js,casejs
104,caseapp,casejs
105,casual,casual,game
106,cc-by,creative,commons
107,cc-by-nc,creative,commons
108,cc-by-nd,creative,commons
109,cc-by-sa,creative,commons
110,cc0,creative,commons
111,ccby,creative,commons
112,ccbync,creative,commons
113,ccbyncnd,creative,commons
114,ccbyncsa,creative,commons
115,ccbynd,creative,commons
116,ccbysa,creative,commons
117,ccg,collectible,card,game
118,cfg,configuration
119,chacha12,chacha,cipher
120,chacha20,chacha,cipher
121,chacha8,chacha,cipher
122,chaijs,chai
123,chat-bot,chatbot
124,ci,continuous,integration
125,ci-cd,cicd
126,ci4,codeigniter
127,clabtopo,clab,topo
128,clicker,incremental,game
129,clj,clojure
130,cljs,clojurescript
131,cloudrun,cloud,run
132,coaps,coap
133,codefest,hackathon
134,coding,code
135,commonwl,cwl
136,comp-sci,computer,science
137,compsci,computer,science
138,conanio,conan
139,config,configuration
140,confiles,build,engine
141,covid19,covid,19
142,cpp,cpp
143,cpp03,cpp
144,cpp0x,cpp
145,cpp11,cpp
146,cpp14,cpp
147,cpp17,cpp
148,cpp1y,cpp
149,cpp1z,cpp
150,cpp20,cpp
151,cpp2a,cpp
152,cpp98,cpp
153,cpps,cpp
154,crpg,role,playing,game
155,crudl,crud
156,cs,computer,science
157,csharp,csharp
158,css3,css
159,cssreset,css,reset
160,d2,d
161,darkmode,dark,mode
162,dartlang,dart
163,data-ops,dataops
164,datalife,dle
165,dataviz,data,visualization
166,db,database
167,dcode,dcode,2025
168,ddd,domain,driven,design
169,demisto,xsoar
170,demos,demo
171,dev,development
172,dev-ops,devops
173,djs,discord,js
174,dlang,d
175,dle12,dle
176,dle13,dle
177,dlt,data,load,tool
178,dlthub,data,load,tool
179,dmx,dmx512
180,dmx-512,dmx512
181,dmx-512a,dmx512
182,dmx512a,dmx512
183,docs,documentation
184,dom-node,dom
185,dom-tree,dom
186,domnode,dom
187,domtree,dom
188,dot-env,dotenv
189,dot-net,dotnet
190,dpg,digital,public,goods
191,dreamlab,thedreamlab
192,drupal10,drupal
193,drupal7,drupal
194,drupal8,drupal
195,drupal9,drupal
196,dx,developer,experience
197,e2ee,end,to,end,encryption
198,edubuntu,ubuntu
199,egui-rs,egui
200,eguirs,egui
201,eguirust,egui
202,eksi,eksisozluk
203,elm-lang,elm
204,elmlang,elm
205,emberjs,ember
206,emojis,emoji
207,emq,emqx
208,emqtt,emqx
209,env-file,dotenv
210,envfile,dotenv
211,es6,ecmascript
212,esolangs,esolang
213,esoteric,esolang
214,esp32c3,esp32
215,esp32s2,esp32
216,esp32s3,esp32
217,examples,example
218,exploits,exploit
219,f77,fortran
220,f95,fortran
221,faas-cli,openfaas
222,faascli,openfaas
223,faasd,openfaas
224,fabric,fabricmc
225,fastify1,fastify
226,fastify2,fastify
227,fb,facebook
228,fdroid,f,droid
229,fea,finite,element,method
230,fem,finite,element,method
231,fiji,imagej
232,firstfrc,first,robotics,competition
233,firstftc,first,tech,challenge
234,fisher,fish
235,fluent,fluent,design
236,fontface,font
237,fonts,font
238,fontsize,font
239,forge,minecraft,forge
240,forgemc,minecraft,forge
241,fps,first,person,shooter
242,frc,first,robotics,competition
243,frontend,frontend
244,fs,freeswitch
245,fsa,finite,state,machine
246,fsm,finite,state,machine
247,ftc,first,tech,challenge
248,ftc-sdk,first,tech,challenge
249,ftcsdk,first,tech,challenge
250,ftloc,for,the,love,of,code
251,game-dev,game,development
252,gamedev,game,development
253,gamejam,game,jam
254,gameoff,game,off
255,gan,generative,adversarial,network
256,gatsbyjs,gatsby
257,gb,gameboy
258,gba,gameboy
259,gbc,gameboy
260,gcj-02,gcj02
261,gcp,google,cloud
262,gdocs,google,docs
263,gdrive,google,drive
264,gdscript,godot
265,geo-json,geojson
266,geojsonl,geojson
267,ggj,global,game,jam
268,ggj2009,global,game,jam
269,ggj2010,global,game,jam
270,ggj2011,global,game,jam
271,ggj2012,global,game,jam
272,ggj2013,global,game,jam
273,ggj2014,global,game,jam
274,ggj2015,global,game,jam
275,ggj2016,global,game,jam
276,ggj2017,global,game,jam
277,ggj2018,global,game,jam
278,ggj2019,global,game,jam
279,ggj2020,global,game,jam
280,ggj2021,global,game,jam
281,ggj2022,global,game,jam
282,ggj2023,global,game,jam
283,ggj2024,global,game,jam
284,ggo12,game,off
285,ggo13,game,off
286,ggo14,game,off
287,ggo15,game,off
288,ggo16,game,off
289,gingonic,gin
290,glams,glam
291,gmailapi,gmail
292,gmailbot,gmail
293,gml,gamemaker
294,gmod,garrysmod
295,gms2,gamemaker
296,go-ipfs,ipfs
297,godgame,god,game
298,goipfs,ipfs
299,golang,go
300,golflang,golfing,language
301,gplv2,gpl
302,gplv3,gpl
303,grammar,parsing
304,growth,marketing
305,gsheets,google,sheets
306,gsuite,google,workspace
307,gtd,getting,things,done
308,gtk2,gtk
309,gtk3,gtk
310,gtk4,gtk
311,gtm,marketing
312,gulp-js,gulp
313,gulpjs,gulp
314,gw2,guildwars2
315,hack-kit,hackathon,kit
316,hackday,hackathon
317,hackfest,hackathon
318,hackkit,hackathon,kit
319,hdl,verilog
320,helpdesk,support
321,hms-core,hms
322,hmscore,hms
323,hono,honojs
324,hono-js,honojs
325,html5,html
326,http2,http
327,https,http
328,hx,haxe
329,hxml,haxe
330,iac,infrastructure,as,code
331,icedrs,iced
332,iconfont,icon,font
333,idlegame,incremental,game
334,idtech,id,tech
335,if,interactive,fiction
336,ifmo,itmo
337,ig,instagram
338,ilp,web,monetization
339,images,image
340,infosec,cybersecurity
341,infraql,stackql
342,insta,instagram
343,intellij,intellij,idea
344,io-game,io
345,iodomain,io
346,iogame,io
347,ios-app,ios
348,ios10,ios
349,ios11,ios
350,iosapp,ios
351,iosswift,ios
352,ipfs-api,ipfs
353,ipfsapi,ipfs
354,ipynb,jupyter,notebook
355,irc-chat,irc
356,ircchat,irc
357,iris-go,iris
358,iris12,iris
359,irisgo,iris
360,iso8601,iso,8601
361,jade,pug
362,jam-code,game,jam,game
363,jamcode,game,jam,game
364,java-11,java
365,java-8,java
366,java-se,java
367,java11,java
368,java8,java
369,javase,java
370,jdk,java
371,js,javascript
372,js-ipfs,ipfs
373,js13k,js13kgames
374,jsipfs,ipfs
375,jsonapi,json,api
376,julelang,jule
377,juliaset,julia,sets
378,jupyter,jupyter,notebook
379,jvm,java
380,jwa,jwt
381,jwt-auth,jwt
382,jwtauth,jwt
383,jwttoken,jwt
384,k-and-r,c
385,k8s,kubernetes
386,kak,kakoune
387,kandr,c
388,kerbal,kerbal,space,program
389,kex,kex,engine
390,koa2,koa
391,koajs,koa
392,kontent,kontent,ai
393,ksp,kerbal,space,program
394,ksp2,kerbal,space,program,2
395,kubuntu,ubuntu
396,l10n,localization
397,labapi,scpsl,labapi
398,lalr,parsing
399,laravel4,laravel
400,laravel5,laravel
401,laravel6,laravel
402,laravel7,laravel
403,laravel8,laravel
404,laravel9,laravel
405,lcu,league,of,legends
406,lcu-api,league,of,legends
407,lcuapi,league,of,legends
408,ld0,ludum,dare
409,ld1,ludum,dare
410,ld10,ludum,dare
411,ld11,ludum,dare
412,ld12,ludum,dare
413,ld13,ludum,dare
414,ld14,ludum,dare
415,ld15,ludum,dare
416,ld16,ludum,dare
417,ld17,ludum,dare
418,ld18,ludum,dare
419,ld19,ludum,dare
420,ld2,ludum,dare
421,ld20,ludum,dare
422,ld21,ludum,dare
423,ld22,ludum,dare
424,ld23,ludum,dare
425,ld24,ludum,dare
426,ld25,ludum,dare
427,ld26,ludum,dare
428,ld27,ludum,dare
429,ld28,ludum,dare
430,ld29,ludum,dare
431,ld3,ludum,dare
432,ld30,ludum,dare
433,ld31,ludum,dare
434,ld32,ludum,dare
435,ld33,ludum,dare
436,ld34,ludum,dare
437,ld35,ludum,dare
438,ld36,ludum,dare
439,ld37,ludum,dare
440,ld38,ludum,dare
441,ld39,ludum,dare
442,ld4,ludum,dare
443,ld40,ludum,dare
444,ld41,ludum,dare
445,ld42,ludum,dare
446,ld43,ludum,dare
447,ld44,ludum,dare
448,ld45,ludum,dare
449,ld46,ludum,dare
450,ld47,ludum,dare
451,ld48,ludum,dare
452,ld49,ludum,dare
453,ld5,ludum,dare
454,ld6,ludum,dare
455,ld7,ludum,dare
456,ld8,ludum,dare
457,ld9,ludum,dare
458,ldjam,ludum,dare
459,ldjam0,ludum,dare
460,ldjam1,ludum,dare
461,ldjam10,ludum,dare
462,ldjam11,ludum,dare
463,ldjam12,ludum,dare
464,ldjam13,ludum,dare
465,ldjam14,ludum,dare
466,ldjam15,ludum,dare
467,ldjam16,ludum,dare
468,ldjam17,ludum,dare
469,ldjam18,ludum,dare
470,ldjam19,ludum,dare
471,ldjam2,ludum,dare
472,ldjam20,ludum,dare
473,ldjam21,ludum,dare
474,ldjam22,ludum,dare
475,ldjam23,ludum,dare
476,ldjam24,ludum,dare
477,ldjam25,ludum,dare
478,ldjam26,ludum,dare
479,ldjam27,ludum,dare
480,ldjam28,ludum,dare
481,ldjam29,ludum,dare
482,ldjam3,ludum,dare
483,ldjam30,ludum,dare
484,ldjam31,ludum,dare
485,ldjam32,ludum,dare
486,ldjam33,ludum,dare
487,ldjam34,ludum,dare
488,ldjam35,ludum,dare
489,ldjam36,ludum,dare
490,ldjam37,ludum,dare
491,ldjam38,ludum,dare
492,ldjam39,ludum,dare
493,ldjam4,ludum,dare
494,ldjam40,ludum,dare
495,ldjam41,ludum,dare
496,ldjam42,ludum,dare
497,ldjam43,ludum,dare
498,ldjam44,ludum,dare
499,ldjam45,ludum,dare
500,ldjam46,ludum,dare
501,ldjam47,ludum,dare
502,ldjam48,ludum,dare
503,ldjam49,ludum,dare
504,ldjam5,ludum,dare
505,ldjam6,ludum,dare
506,ldjam7,ludum,dare
507,ldjam8,ludum,dare
508,ldjam9,ludum,dare
509,lean3,lean
510,lean4,lean
511,less-css,less
512,lesscss,less
513,lessjs,less
514,lexer,parsing
515,lgbt,queer
516,lgbtq,queer
517,lib,library
518,libcurl,curl
519,libsass,sass
520,libsdl,sdl
521,liko12,liko,12
522,linuxapp,linux
523,llms,llm
524,llparser,ll,parser
525,lowcode,low,code
526,lrparser,lr,parser
527,lubuntu,ubuntu
528,m68000,motorola,68000
529,m68k,motorola,68000
530,mac,macos
531,mac-osx,macos
532,macosapp,macos
533,macosx,macos
534,martech,marketing
535,material,material,design
536,math,mathematics
537,matrix,matrix,org
538,mazes,maze
539,mc68000,motorola,68000
540,mcbe,minecraft,bedrock,edition
541,mcnp5,mcnp
542,mcnp6,mcnp
543,mcpe,minecraft,bedrock,edition
544,mcserver,minecraft,server
545,mcu,microcontroller
546,md,markdown
547,mdx-js,mdx
548,mdxjs,mdx
549,mean,mean,stack
550,meteorjs,meteor
551,metrics,monitoring
552,mf2,microformats
553,mge,megengine
554,mint,linuxmint
555,ml,machine,learning
556,mmo,massively,multiplayer,online
557,mmog,massively,multiplayer,online
558,mochajs,mocha
559,mongo,mongodb
560,mongo-db,mongodb
561,monitor,monitoring
562,motion,framer,motion
563,move,move,sui
564,movelang,move,sui
565,movesui,move,sui
566,ms,microsoft
567,mspmcp,msp,mcp
568,mssql,sql,server
569,mud,mud,game
570,mudgame,mud,game
571,nanika,ukagaka
572,nasapace,nasa,pace
573,neovimqt,neovim
574,nest,nestjs
575,nest-js,nestjs
576,nettefw,nette
577,next,nextjs
578,next-js,nextjs
579,nim-lang,nim
580,nimlang,nim
581,nix-lang,nix
582,nixlang,nix
583,nixos,nix
584,nixpkgs,nix
585,njk,nunjucks
586,no-sql,nosql
587,noaansap,noaa,nsap
588,nocode,no,code
589,node,nodejs
590,node-js,nodejs
591,nodesass,sass
592,none,netflix
593,npmjs,npm
594,nuxtjs,nuxt
595,nvim,neovim
596,oai,oai,pmh
597,oaipmh,oai,pmh
598,oas,openapi
599,obo,obofoundry
600,obsidian,obsidian,md
601,ohmyfish,fish
602,onflow,flow,blockchain
603,opa,open,policy,agent
604,open-api,openapi
605,openbel,biological,expression,language
606,opendata,open,data
607,openjdk,java
608,openjfx,javafx
609,oracle,oracle,database
610,oracledb,oracle,database
611,os,operating,system
612,oss,open,source
613,p2p-cash,bitcoin,cash
614,p2pcash,bitcoin,cash
615,paper,bukkit
616,papermc,bukkit
617,parse,parsing
618,passkey,passkeys
619,pbbg,browser,game
620,perl5,perl
621,perl6,raku
622,pewpew,pewpew,live
623,pgsql,postgresql
624,phaserjs,phaser
625,photo,image
626,photos,image
627,php-1,php
628,php-5,php
629,php-52,php
630,php-53,php
631,php-54,php
632,php-56,php
633,php-6,php
634,php-7,php
635,php-71,php
636,php-72,php
637,php-74,php
638,php-8,php
639,php-81,php
640,php-82,php
641,php-83,php
642,php1,php
643,php2,php
644,php4,php
645,php5,php
646,php52,php
647,php53,php
648,php54,php
649,php55,php
650,php56,php
651,php6,php
652,php7,php
653,php71,php
654,php72,php
655,php73,php
656,php74,php
657,php8,php
658,php81,php
659,php82,php
660,php83,php
661,php84,php
662,pi-hole,pihole
663,pico8,pico,8
664,picture,image
665,pictures,image
666,pio,platformio
667,pixelart,pixel,art
668,plpgsql,postgresql
669,plugin,extension
670,plugins,extension
671,pm,product,management
672,postgres,postgresql
673,povray,pov,ray
674,ppl,pepeland
675,pqc,post,quantum,cryptography
676,pqcrypto,post,quantum,cryptography
677,preactjs,preact
678,projects,project
679,psql,postgresql
680,psr11,psr,11
681,psr15,psr,15
682,psr4,psr,4
683,psr7,psr,7
684,pugjs,pug
685,py,python
686,pypi,pip
687,python-2,python
688,python-3,python
689,python2,python
690,python27,python
691,python3,python
692,python35,python
693,python36,python
694,qr-code,qrcode
695,qrcodes,qrcode
696,qs,quickshell
697,qt5,qt
698,qt6,qt
699,quality,code,quality
700,quantum,quantum,computing
701,quilt,quiltmc
702,quiltmod,quiltmc
703,rails4,rails
704,rails5,rails
705,rails6,rails
706,rails7,rails
707,react-js,react
708,reactjs,react
709,reasonml,reason
710,redis-db,redis
711,redisdb,redis
712,regex,regular,expression
713,regexp,regular,expression
714,repl,replit
715,reset,css,reset
716,resetcss,css,reset
717,resource,hackathon,kit
718,rest,rest,api
719,restapi,rest,api
720,review,code,review
721,rf,robotframework
722,rfc-4287,rss
723,rfc-6570,uri,template
724,rfc-6749,oauth2
725,rfc-7519,jwt
726,rfc-7946,geojson
727,rfc4287,rss
728,rfc6570,uri,template
729,rfc6749,oauth2
730,rfc7519,jwt
731,rfc7946,geojson
732,riotos,riot,os
733,risc-os,riscos
734,risc-v,riscv
735,riscvcpu,riscv
736,rkt,racket
737,rpg,role,playing,game
738,rts,real,time,strategy
739,rtt,real,time,tactics
740,rustlang,rust
741,sanitize,sanitization
742,sapui5,openui5
743,sas-viya,sas
744,sasviya,sas
745,scikits,scikit
746,scripts,script
747,scss,sass
748,sdl2,sdl
749,sdl3,sdl
750,selfhost,self,hosted
751,servers,server
752,shadcn,shadcn,ui
753,shadcnui,shadcn,ui
754,share-x,sharex
755,shmup,shoot,em,up
756,sinclair,zx,spectrum
757,sklearn,scikit,learn
758,sml,standard,ml
759,socketio,socket,io
760,source-1,source,engine
761,source-2,source,2,engine
762,source1,source,engine
763,source2,source,2,engine
764,speccy,zx,spectrum
765,spectrum,zx,spectrum
766,spigot,bukkit
767,sport,sports
768,springboot,spring-boot
769,ss,shadowsocks
770,ssl,tls
771,stealth,stealth,game
772,stf,shoot,em,up
773,strategy,strategy,game
774,sublime,sublime,text
775,svelte3,svelte
776,sveltejs,svelte
777,swift-3,swift
778,swift-4,swift
779,swift3,swift
780,swift4,swift
781,symfony2,symfony
782,symfony3,symfony
783,synbio,synthetic,biology
784,t3,t3,stack
785,t3stack,t3,stack
786,tbt,turn,based,tactics
787,tcg,collectible,card,game
788,temurin,adoptium
789,test,testing
790,textgame,text,adventure
791,three-js,threejs
792,tic80,tic,80
793,tik-tok,tiktok
794,tns,nativescript
795,to-do,todo
796,todo,todo
797,todolist,todo
798,tools,tool
799,trpg,tactical,role,playing
800,tty,terminal
801,twitchtv,twitch
802,typst-cv,typst
803,typstcv,typst
804,ue4,unreal,engine
805,uidesign,ui,design
806,unity3d,unity
807,unix-os,unix
808,unixos,unix
809,upython,micropython
810,urlang,racket
811,userjs,userscript
812,uta,university,of,texas,arlington
813,uxdesign,ux
814,v-lang,v
815,v-play,felgo
816,vb,visual,basic
817,vb-net,visual,basic
818,vba7,vba
819,vbnet,visual,basic
820,vert-x,vertx
821,videos,video
822,virtualreality,virtual-reality
823,visualbasic,visual-basic
824,vitejs,vite
825,viya,sas
826,vk-api,vk
827,vkapi,vk
828,vlang,v
829,vmbox,vm,box
830,vplay,felgo
831,vr,virtual,reality
832,vrgame,vr,game
833,vs,visual,studio
834,vscode,visual,studio,code
835,vue2,vue
836,vue3,vue
837,vuejs,vue
838,vuejs2,vue
839,vuejs3,vue
840,vuex,vue
841,vutbr,vut
842,war-game,wargame
843,wasm,web,assembly
844,wc24,wiiconnect24
845,web-app,webapp
846,webapps,webapp
847,webpack,webpack
848,webpack2,webpack
849,webpack3,webpack
850,weixin,wechat
851,wikinews,wikipedia
852,wikis,wiki
853,win,windows
854,windows7,windows
855,windows8,windows
856,winui2,winui
857,winui3,winui
858,wot,web,of,things
859,ws,websocket
860,wsa,windows,subsystem,for,android
861,www,web
862,xchacha8,chacha,cipher
863,xdb,sitecore
864,xros,visionos
865,xubuntu,ubuntu
866,xxxx,4x
867,yarkpkg,yarn
868,yarn2,yarn
869,yii2,yii
870,yml,yaml
871,yu-gi-oh,yugioh
872,zem,zeplin
873,zephyr,zephyr,rtos
874,zephyros,zephyr,rtos
875,zig-lang,zig
876,ziglang,zig
877,zite,zeronet
878,zkproof,zkp
879,zkps,zkp
880,zmachine,z,machine
881,zshell,zsh
