1,0000000000000,-1
2,00028874,-1
3,0004,-1
4,0050,-1
5,01418471,-1
6,0183,-1
7,02,-1
8,0333,-1
9,057,-1
10,06044,-1
11,075,-1
12,076,-1
13,0800,-1
14,11ty,eleventy
15,3d,-2
16,3d-animation,3d
17,3d-cad,3d
18,3d-graphics,3d
19,3d-modeling,3d
20,3d-models,3d
21,3d-point-clouds,point-cloud
22,3d-printing,3d
23,3d-rendering,3d
24,3danimation,3d
25,3dcad,3d
26,3dgraphics,3d
27,3dmodeling,3d
28,3dmodels,3d
29,3dpointclouds,point-cloud
30,3dprinting,3d
31,3drendering,3d
32,3ds-custom-firmware,3ds-homebrew
33,3ds-homebrew,-2
34,3dscustomfirmware,3ds-homebrew
35,3dshomebrew,3ds-homebrew
36,3rd-person-shooter,third-person-shooter
37,3rd-person-shooter-game,third-person-shooter
38,3rdpersonshooter,third-person-shooter
39,3rdpersonshootergame,third-person-shooter
40,4d-component,-2
41,4dcomponent,4d-component
42,4x,-2
43,4x-game,4x
44,4xgame,4x
45,5g,-2
46,5g-nr,5g
47,5gc,5g
48,5gnr,5g
49,68000,motorola-68000
50,68000-family,motorola-68000
51,68000-processor,motorola-68000
52,68000-series,motorola-68000
53,68000family,motorola-68000
54,68000processor,motorola-68000
55,68000series,motorola-68000
56,68k,motorola-68000
