1,3d,3d-animation
2,3d,3d-cad
3,3d,3d-graphics
4,3d,3d-modeling
5,3d,3d-models
6,3d,3d-printing
7,3d,3d-rendering
8,3d,3danimation
9,3d,3dcad
10,3d,3dgraphics
11,3d,3dmodeling
12,3d,3dmodels
13,3d,3dprinting
14,3d,3drendering
15,3ds-homebrew,3ds-custom-firmware
16,3ds-homebrew,3dscustomfirmware
17,3ds-homebrew,3dshomebrew
18,3ds-homebrew,nintendo-3ds-homebrew
19,3ds-homebrew,nintendo3dshomebrew
20,4d-component,4dcomponent
21,4x,4x-game
22,4x,4xgame
23,4x,xxxx
24,5g,5g-nr
25,5g,5gc
26,5g,5gnr
27,action-adventure,action-adventure-game
28,action-adventure,actionadventure
29,action-adventure,actionadventuregame
30,action-game,actiongame
31,action-role-playing,action-rpg
32,action-role-playing,actionroleplaying
33,action-role-playing,actionrpg
34,action-role-playing,arpg
35,actions,action
36,actions,github-actions
37,actions,githubactions
38,ada,ada-2012
39,ada,ada2012
40,ada,ada95
41,adobe-acrobat,adobe-acrobat-dc
42,adobe-acrobat,adobe-acrobat-reader
43,adobe-acrobat,adobeacrobat
44,adobe-acrobat,adobeacrobatdc
45,adobe-acrobat,adobeacrobatreader
46,adoptium,adoptopenjdk
47,adoptium,aqavit
48,adoptium,temurin
49,advent-of-code,advent-of-code-2015
50,advent-of-code,advent-of-code-2016
51,advent-of-code,advent-of-code-2017
52,advent-of-code,advent-of-code-2018
53,advent-of-code,advent-of-code-2019
54,advent-of-code,advent-of-code-2020
55,advent-of-code,advent-of-code-2021
56,advent-of-code,advent-of-code-2022
57,advent-of-code,advent-of-code-2023
58,advent-of-code,advent-of-code-2024
59,advent-of-code,advent-of-code-2025
60,advent-of-code,adventofcode
61,advent-of-code,adventofcode2015
62,advent-of-code,adventofcode2016
63,advent-of-code,adventofcode2017
64,advent-of-code,adventofcode2018
65,advent-of-code,adventofcode2019
66,advent-of-code,adventofcode2020
67,advent-of-code,adventofcode2021
68,advent-of-code,adventofcode2022
69,advent-of-code,adventofcode2023
70,advent-of-code,adventofcode2024
71,advent-of-code,adventofcode2025
72,advent-of-code,aoc
73,advent-of-code,aoc-2015
74,advent-of-code,aoc-2016
75,advent-of-code,aoc-2017
76,advent-of-code,aoc-2018
77,advent-of-code,aoc-2019
78,advent-of-code,aoc-2020
79,advent-of-code,aoc-2021
80,advent-of-code,aoc-2022
81,advent-of-code,aoc-2023
82,advent-of-code,aoc-2024
83,advent-of-code,aoc-2025
84,advent-of-code,aoc2015
85,advent-of-code,aoc2016
86,advent-of-code,aoc2017
87,advent-of-code,aoc2018
88,advent-of-code,aoc2019
89,advent-of-code,aoc2020
90,advent-of-code,aoc2021
91,advent-of-code,aoc2022
92,advent-of-code,aoc2023
93,advent-of-code,aoc2024
94,advent-of-code,aoc2025
95,adventure-game,adventure
96,adventure-game,adventuregame
97,adventure-game-interpreter,adventuregameinterpreter
98,adventurex2025,adventure-x
99,adventurex2025,adventurex
100,adversarial-attacks,adversarialattacks
101,agent-harness,agent-harnesses
102,agent-harness,agentharness
103,agent-harness,agentharnesses
104,agenticsfoundation,agentics-foundation
105,agile,agile-development
106,agile,agile-software-development
107,agile,agiledevelopment
108,agile,agilesoftwaredevelopment
109,ai,artificial-intelligence
110,ai,artificialintelligence
111,ai,machine-intelligence
112,ai,machineintelligence
113,ai-agent,ai-agents
114,ai-agent,ai-autonomous-agent
115,ai-agent,aiagent
116,ai-agent,aiagents
117,ai-agent,aiautonomousagent
118,ai-for-science,ai4science
119,ai-for-science,aiforscience
120,ai-for-science,artificial-intelligence-for-science
121,ai-for-science,artificialintelligenceforscience
122,ai-for-science,ml-for-science
123,ai-for-science,mlforscience
124,ai-marketing,ai-for-marketing
125,ai-marketing,ai-in-marketing
126,ai-marketing,aiformarketing
127,ai-marketing,aiinmarketing
128,ai-marketing,aimarketing
129,ai-marketing,marketing-ai
130,ai-marketing,marketing-with-ai
131,ai-marketing,marketingai
132,ai-marketing,marketingwithai
133,ai-sandbox,ai-sandboxing
134,ai-sandbox,aisandbox
135,ai-sandbox,aisandboxing
136,ai-sandbox,llm-sandbox
137,ai-sandbox,llmsandbox
138,algolia,algolia-search
139,algolia,algoliasearch
140,algorithm,algorithms
141,alloy-analyzer,alloy
142,alloy-analyzer,alloyanalyzer
143,alternate-reality-game,alternate-reality
144,alternate-reality-game,alternatereality
145,alternate-reality-game,alternaterealitygame
146,alternate-reality-game,arg
147,altium-designer,altium
148,altium-designer,altiumdesigner
149,altv,altvmp
150,android,android-app
151,android,android-application
152,android,android-development
153,android,androidapp
154,android,androidapplication
155,android,androiddevelopment
156,android-library,androidlibrary
157,android-studio,androidstudio
158,angular,angular-2
159,angular,angular1
160,angular,angular2
161,angular,angular4
162,angular,angularjs
163,angular-cli,angularcli
164,animal-crossing,animal-crossing-new-horizons
165,animal-crossing,animalcrossing
166,animal-crossing,animalcrossingnewhorizons
167,animal-crossing,new-horizons
168,animal-crossing,newhorizons
169,anime,animes
170,ansible-role,ansible-roles
171,ansible-role,ansiblerole
172,ansible-role,ansibleroles
173,antlr,antlr3
174,antlr,antlr4
175,anyland,anyland-vr
176,anyland,anylandvr
177,api,api-client
178,api,api-gateway
179,api,api-rest
180,api,api-server
181,api,api-wrapper
182,api,apiclient
183,api,apigateway
184,api,apirest
185,api,apiserver
186,api,apiwrapper
187,apm,application-performance-management
188,apm,application-performance-monitor
189,apm,applicationperformancemanagement
190,apm,applicationperformancemonitor
191,apollo-server,apolloserver
192,apple-music,applemusic
193,appwrite,appwrite-io
194,appwrite,appwriteio
195,arcade,arcade-game
196,arcade,arcadegame
197,archlinux,arch
198,archlinux,arch-linux
199,archlinux,archlinux
200,argo-floats,argo
201,argo-floats,argo-float
202,argo-floats,argofloat
203,argo-floats,argofloats
204,art-net,artnet
205,artillery-game,artillery
206,artillery-game,artillerygame
207,arturo,arturo-lang
208,arturo,arturo-language
209,arturo,arturolang
210,arturo,arturolanguage
211,aspnet,asp-net
212,aspnet,aspnet
213,aspnet,aspnet-core
214,aspnet,aspnetcore
215,assembly,assembler
216,assembly,assembly-language
217,assembly,assemblylanguage
218,assembly,disassembler
219,assemblyscript,as
220,astro,astro-build
221,astro,astrobuild
222,async-await,asyncawait
223,asyncapi,aas
224,asyncapi,async-api
225,asyncapi,async-api-spec
226,asyncapi,async-api-specification
227,asyncapi,asyncapi-spec
228,asyncapi,asyncapi-specification
229,asyncapi,asyncapispec
230,asyncapi,asyncapispecification
231,atom,atom-package
232,atom,atom-packages
233,atom,atom-theme
234,atom,atom-themes
235,atom,atompackage
236,atom,atompackages
237,atom,atomtheme
238,atom,atomthemes
239,authorization,authz
240,autohotkey,ahk-script
241,autohotkey,ahkscript
242,autohotkey,auto-hotkey
243,autohotkey,autohotkeys
244,automaton,automata
245,automaton,automatons
246,avalonia,avaloniaui
247,awesome,awesome-list
248,awesome,awesome-lists
249,awesome,awesomelist
250,awesome,awesomelists
251,azd-templates,azdtemplates
252,azure-devops,azuredevops
253,b4x,b4x-programming-language
254,b4x,b4xprogramminglanguage
255,babel,babeljs
256,backbonejs,backbone
257,backend,backend-developer
258,backend,backenddeveloper
259,barcode,bar-code
260,barcode,barcodes
261,bash,bash-script
262,bash,bashscript
263,basic8,basic-8
264,batch-file,batchfile
265,battle-royale,battle-royale-game
266,battle-royale,battleroyale
267,battle-royale,battleroyalegame
268,bcsamples,bcdemos
269,bdd,behavior-driven-development
270,bdd,behaviordrivendevelopment
271,beat-em-up,beat-em-up-game
272,beat-em-up,beatemup
273,beat-em-up,beatemupgame
274,beat-em-up,brawler
275,beat-em-up,brawler-game
276,beat-em-up,brawlergame
277,bedrock-dedicated-server,bds
278,bedrock-dedicated-server,bedrockdedicatedserver
279,bigquery,bq
280,biological-expression-language,bel
281,biological-expression-language,biologicalexpressionlanguage
282,biological-expression-language,openbel
283,biological-simulation,biological-modelling
284,biological-simulation,biological-simulations
285,biological-simulation,biologicalmodelling
286,biological-simulation,biologicalsimulation
287,biological-simulation,biologicalsimulations
288,bitcoin,bitcoin-payment
289,bitcoin,bitcoin-wallet
290,bitcoin,bitcoinpayment
291,bitcoin,bitcoins
292,bitcoin,bitcoinwallet
293,bitcoin,btc
294,bitcoin-cash,bch
295,bitcoin-cash,bitcoin-cash-mining
296,bitcoin-cash,bitcoin-cash-payment
297,bitcoin-cash,bitcoin-cash-wallet
298,bitcoin-cash,bitcoincash
299,bitcoin-cash,bitcoincashmining
300,bitcoin-cash,bitcoincashpayment
301,bitcoin-cash,bitcoincashwallet
302,bitcoin-cash,p2p-cash
303,bitcoin-cash,p2pcash
304,blockly,google-blockly
305,blockly,googleblockly
306,bluesky-social,blueskysocial
307,board-game,boardgame
308,boilerplate,boilerplate-code
309,boilerplate,boilerplatecode
310,bonsai-rx,bonsairx
311,bootstrap,bootstrap-4
312,bootstrap,bootstrap-5
313,bootstrap,bootstrap3
314,bootstrap,bootstrap4
315,bootstrap,bootstrap5
316,bosque,bosque-lang
317,bosque,bosquelang
318,bot,bots
319,bot,robot
320,bridgetown,bridgetownrb
321,browser-extension,browser-extensions
322,browser-extension,browserextension
323,browser-extension,browserextensions
324,browser-game,browser-based-game
325,browser-game,browserbasedgame
326,browser-game,browsergame
327,browser-game,pbbg
328,browser-game,persisant-browser-based-game
329,browser-game,persisantbrowserbasedgame
330,bugbounty,bug-bounty
331,build-engine,build1
332,build-engine,build2
333,build-engine,buildengine
334,build-engine,con-files
335,build-engine,con-script
336,build-engine,confiles
337,build-engine,conscript
338,build-engine,duke-nukem-3d-engine
339,build-engine,dukenukem3dengine
340,bukkit,craftbukkit
341,bukkit,paper
342,bukkit,papermc
343,bukkit,spigot
344,bukkit,spigotmc
345,bulma,bulma-css
346,bulma,bulmacss
347,bun,bunjs
348,c,c-ansi
349,c,c-language
350,c,c-programming-language
351,c,c89
352,c,c99
353,c,cansi
354,c,clanguage
355,c,cprogramminglanguage
356,c,k-and-r
357,c,kandr
358,calculate-pi,calculatepi
359,capnproto,capn-proto
360,capnproto,capnp
361,cargo-generate,cargogenerate
362,casejs,case
363,casejs,case-app
364,casejs,case-js
365,casejs,caseapp
366,cassandra,apache-cassandra
367,cassandra,apachecassandra
368,casual-game,casual
369,casual-game,casualgame
370,cellular-automaton,cellular-automata
371,cellular-automaton,cellular-automatons
372,cellular-automaton,cellularautomata
373,cellular-automaton,cellularautomaton
374,cellular-automaton,cellularautomatons
375,chacha-cipher,chacha12
376,chacha-cipher,chacha20
377,chacha-cipher,chacha20-poly1305
378,chacha-cipher,chacha20poly1305
379,chacha-cipher,chacha8
380,chacha-cipher,chachacipher
381,chacha-cipher,xchacha-poly1305
382,chacha-cipher,xchacha12
383,chacha-cipher,xchacha20
384,chacha-cipher,xchacha8
385,chacha-cipher,xchachapoly1305
386,chai,chaijs
387,chaos-engineering,chaosengineering
388,chapel,chapel-lang
389,chapel,chapellang
390,chatbot,chat-bot
391,chatgpt-api,chatgptapi
392,chrome,google-chrome
393,chrome,googlechrome
394,chrome-extension,chrome-extensions
395,chrome-extension,chromeextension
396,chrome-extension,chromeextensions
397,chrome-extension,extension-chrome
398,chrome-extension,extensionchrome
399,chrome-extension,google-chrome-extension
400,chrome-extension,googlechromeextension
401,cicd,ci-cd
402,cinnamon,cinnamon-desktop
403,cinnamon,cinnamondesktop
404,circuitpython,circuit-python
405,citizen-science,citizenscience
406,city-building-game,city-building
407,city-building-game,citybuilding
408,city-building-game,citybuildinggame
409,city-building-game,town-building
410,city-building-game,town-building-game
411,city-building-game,townbuilding
412,city-building-game,townbuildinggame
413,clab-topo,clabtopo
414,classless,classless-css
415,classless,classless-theme
416,classless,classlesscss
417,classless,classlesstheme
418,claude-code,anthropic-claude-code
419,claude-code,anthropicclaudecode
420,claude-code,claude-cli
421,claude-code,claude-code-cli
422,claude-code,claudecli
423,claude-code,claudecode
424,claude-code,claudecodecli
425,cli,cli
426,cli,command-line
427,cli,command-line-interface
428,cli,commandline
429,cli,commandline-interface
430,cli,commandlineinterface
431,climate-change,carbon-emissions
432,climate-change,carbon-footprint
433,climate-change,carbonemissions
434,climate-change,carbonfootprint
435,climate-change,climate-crisis
436,climate-change,climatechange
437,climate-change,climatecrisis
438,climate-change,global-warming
439,climate-change,globalwarming
440,climate-change-mitigation,climatechangemitigation
441,climate-change-mitigation,recapturing-carbon-emissions
442,climate-change-mitigation,recapturing-ghg-emissions
443,climate-change-mitigation,recapturingcarbonemissions
444,climate-change-mitigation,recapturingghgemissions
445,climate-change-mitigation,reducing-carbon-emissions
446,climate-change-mitigation,reducing-ghg-emissions
447,climate-change-mitigation,reducingcarbonemissions
448,climate-change-mitigation,reducingghgemissions
449,clojure,clj
450,clojurescript,cljs
451,cloud-run,cloudrun
452,cloud-run,google-cloud-run
453,cloud-run,googlecloudrun
454,cms,content-management
455,cms,content-management-system
456,cms,contentmanagement
457,cms,contentmanagementsystem
458,coap,coap-protocol
459,coap,coapprotocol
460,coap,coaps
461,code,coding
462,code,pseudocode
463,code,roshancode
464,code-quality,codequality
465,code-quality,quality
466,code-review,codereview
467,code-review,review
468,code-review,reviewed
469,codeception,codeception-module
470,codeception,codeceptionmodule
471,codechef,codechef-solutions
472,codechef,codechefsolutions
473,codeigniter,ci4
474,codeigniter,code-igniter
475,codeigniter,codeigniter4
476,collectible-card-game,card-game
477,collectible-card-game,cardgame
478,collectible-card-game,ccg
479,collectible-card-game,collectiblecardgame
480,collectible-card-game,tcg
481,collectible-card-game,trading-card-game
482,collectible-card-game,tradingcardgame
483,combat-flight-simulator,combat-flight-simulator-game
484,combat-flight-simulator,combatflightsimulator
485,combat-flight-simulator,combatflightsimulatorgame
486,common-lisp,commonlisp
487,composer,composer-package
488,composer,composerpackage
489,composer,packagist
490,composer,packagist-package
491,composer,packagistpackage
492,computer-algebra,computeralgebra
493,computer-algebra,symbolic-algebra
494,computer-algebra,symbolicalgebra
495,computer-science,comp-sci
496,computer-science,compsci
497,computer-science,computerscience
498,computer-science,cs
499,computer-vision,computervision
500,computer-vision,machine-vision
501,computer-vision,machinevision
502,computercraft-tweaked,computercrafttweaked
503,conan,conanio
504,concourse-ci,concourseci
505,confidential-computing,confidentialcomputing
506,configuration,config
507,continuous-delivery,continuousdelivery
508,continuous-deployment,cd
509,continuous-deployment,continuousdeployment
510,continuous-integration,ci
511,continuous-integration,continuousintegration
512,cordova,apache-cordova
513,cordova,apachecordova
514,corruptor,data-corruptor
515,corruptor,datacorruptor
516,corruptor,game-corruptor
517,corruptor,gamecorruptor
518,corruptor,rom-corruptor
519,corruptor,romcorruptor
520,covid-19,covid19
521,cpp,c-plus-plus
522,cpp,cplusplus
523,cpp,cplusplus-11
524,cpp,cplusplus11
525,cpp,cpp03
526,cpp,cpp0x
527,cpp,cpp11
528,cpp,cpp14
529,cpp,cpp17
530,cpp,cpp1y
531,cpp,cpp1z
532,cpp,cpp20
533,cpp,cpp2a
534,cpp,cpp98
535,cpp,cpps
536,creative-commons,cc-by
537,creative-commons,cc-by-nc
538,creative-commons,cc-by-nc-nd
539,creative-commons,cc-by-nc-sa
540,creative-commons,cc-by-nd
541,creative-commons,cc-by-sa
542,creative-commons,cc0
543,creative-commons,ccby
544,creative-commons,ccbync
545,creative-commons,ccbyncnd
546,creative-commons,ccbyncsa
547,creative-commons,ccbynd
548,creative-commons,ccbysa
549,creative-commons,creativecommons
550,crud,crudl
551,cryptocurrency,cryptocurrency-exchanges
552,cryptocurrency,cryptocurrency-list
553,cryptocurrency,cryptocurrency-symbols
554,cryptocurrency,cryptocurrencyexchanges
555,cryptocurrency,cryptocurrencylist
556,cryptocurrency,cryptocurrencysymbols
557,crystal,crystal-lang
558,crystal,crystal-language
559,crystal,crystallang
560,crystal,crystallanguage
561,csg,constructive-solid-geometries
562,csg,constructive-solid-geometry
563,csg,constructivesolidgeometries
564,csg,constructivesolidgeometry
565,csharp,c-sharp
566,csharp,csharp
567,csharp,csharp-code
568,csharp,csharp-library
569,csharp,csharpcode
570,csharp,csharplibrary
571,css,css3
572,css-framework,cssframework
573,css-modules,cssmodules
574,css-reset,css-normalise
575,css-reset,cssnormalise
576,css-reset,cssreset
577,css-reset,normalization
578,css-reset,normalize
579,css-reset,normalize-css
580,css-reset,normalizecss
581,css-reset,normalizer
582,css-reset,reset
583,css-reset,reset-css
584,css-reset,resetcss
585,cst,derivation-tree
586,cst,derivationtree
587,cst,parse-tree
588,cst,parsetree
589,cst,parsing-tree
590,cst,parsingtree
591,cube-engine,assault-cube-engine
592,cube-engine,assaultcubeengine
593,cube-engine,cubeengine
594,curl,libcurl
595,cwl,common-workflow-language
596,cwl,commonwl
597,cwl,commonworkflowlanguage
598,cybersecurity,information-security
599,cybersecurity,informationsecurity
600,cybersecurity,infosec
601,d,d-language
602,d,d-programming
603,d,d2
604,d,dlang
605,d,dlanguage
606,d,dprogramming
607,dark-mode,dark-theme
608,dark-mode,darkmode
609,dark-mode,darktheme
610,dart,dart-lang
611,dart,dartlang
612,data-analysis,dataanalysis
613,data-load-tool,dataloadtool
614,data-load-tool,dlt
615,data-load-tool,dlthub
616,data-recovery,data-carving
617,data-recovery,datacarving
618,data-recovery,datarecovery
619,data-recovery,digital-forensic
620,data-recovery,digitalforensic
621,data-recovery,photo-recovery
622,data-recovery,photorecovery
623,data-recovery,recovery-tool
624,data-recovery,recoverytool
625,data-science,data-science-algorithm
626,data-science,data-science-project
627,data-science,datascience
628,data-science,datasciencealgorithm
629,data-science,datascienceproject
630,data-science,datasciences
631,data-space,data-spaces
632,data-space,dataspace
633,data-space,dataspaces
634,data-structures,data-structure
635,data-structures,datastructure
636,data-structures,datastructures
637,data-visualization,datavisualization
638,data-visualization,dataviz
639,database,couchdb
640,database,databases
641,database,db
642,database,dynamodb
643,database,indexeddb
644,database,rethinkdb
645,dataops,data-ops
646,datetime,date-time
647,dcode-2025,dcode
648,dcode-2025,dcode2025
649,dcode-2025,devclub-nstru
650,dcode-2025,devclubnstru
651,debian,debian-linux
652,debian,debianlinux
653,declarative-programming,declarative-language
654,declarative-programming,declarativelanguage
655,declarative-programming,declarativeprogramming
656,deep-learning,deep-learning-algorithms
657,deep-learning,deep-learning-papers
658,deep-learning,deep-learning-tutorial
659,deep-learning,deeplearning
660,deep-learning,deeplearningalgorithms
661,deep-learning,deeplearningpapers
662,deep-learning,deeplearningtutorial
663,deep-neural-networks,deep-neural-network
664,deep-neural-networks,deepneuralnetwork
665,deep-neural-networks,deepneuralnetworks
666,defold,defold-engine
667,defold,defold-extension
668,defold,defold-game-engine
669,defold,defold-library
670,defold,defold-module
671,defold,defoldengine
672,defold,defoldextension
673,defold,defoldgameengine
674,defold,defoldlibrary
675,defold,defoldmodule
676,demo,demos
677,demoscene,demo-scene
678,dependency-injection,dependency-injection-pattern
679,dependency-injection,dependencyinjection
680,dependency-injection,dependencyinjectionpattern
681,dependency-management,dependencies
682,dependency-management,dependency-manager
683,dependency-management,dependencymanagement
684,dependency-management,dependencymanager
685,deployer,deployer-php
686,deployer,deployer-recipes
687,deployer,deployerphp
688,deployer,deployerrecipes
689,deployment,deploy-tool
690,deployment,deployment-manager
691,deployment,deploymentmanager
692,deployment,deploytool
693,design-system,designsystem
694,desktop,desktop-applications
695,desktop,desktop-computing
696,desktop,desktopapplications
697,desktop,desktopcomputing
698,deta-space,detaspace
699,developer-experience,developerexperience
700,developer-experience,dx
701,development,dev
702,development,software-dev
703,development,softwaredev
704,devops,dev-ops
705,digital-public-goods,digital-public-good
706,digital-public-goods,digitalpublicgood
707,digital-public-goods,digitalpublicgoods
708,digital-public-goods,dpg
709,digital-signage,digitalsignage
710,discord,discordapp
711,discord-bot,discordbot
712,discord-bots,discordbots
713,discord-js,discord-js-bot
714,discord-js,discordjs
715,discord-js,discordjsbot
716,discord-js,djs
717,disk-image,diskimage
718,django,django-application
719,django,django-framework
720,django,djangoapplication
721,django,djangoframework
722,dle,datalife
723,dle,dle12
724,dle,dle13
725,dll-injector,dllinjector
726,dmx512,dmx
727,dmx512,dmx-512
728,dmx512,dmx-512a
729,dmx512,dmx512a
730,docker,docker-container
731,docker,dockercontainer
732,docker-compose,dockercompose
733,docker-image,dockerimage
734,dockerfile,docker-file
735,documentation,docs
736,documentation,documentation-generator
737,documentation,documentationgenerator
738,documentation,documentations
739,dom,dom-element
740,dom,dom-elements
741,dom,dom-node
742,dom,dom-tree
743,dom,domelement
744,dom,domelements
745,dom,domnode
746,dom,domtree
747,domain-driven-design,ddd
748,domain-driven-design,domaindrivendesign
749,dotenv,dot-env
750,dotenv,env-file
751,dotenv,envfile
752,dotfiles,dot-files
753,dotnet,dot-net
754,dotnet,dotnet-core
755,dotnet,dotnetcore
756,dragonruby,dragonruby-gtk
757,dragonruby,dragonrubygtk
758,drupal,drupal10
759,drupal,drupal7
760,drupal,drupal8
761,drupal,drupal9
762,dungeon-crawl,dungeon-crawl-game
763,dungeon-crawl,dungeon-crawler
764,dungeon-crawl,dungeoncrawl
765,dungeon-crawl,dungeoncrawler
766,dungeon-crawl,dungeoncrawlgame
767,dwd,deutscher-wetterdienst
768,dwd,deutscherwetterdienst
769,ecmascript,es6
770,edge,edge-browser
771,edge,edgebrowser
772,edge,microsoft-edge
773,edge,microsoftedge
774,edupage,asc
775,eeg,electroencephalography
776,effector,effector-js
777,effector,effectorjs
778,egui,egui-rs
779,egui,egui-rust
780,egui,eguirs
781,egui,eguirust
782,einstein-problem,einsteinproblem
783,ejs,ejs-templating
784,ejs,ejstemplating
785,eksisozluk,eksi
786,eksisozluk,eksi-sozluk
787,electron,atom-shell
788,electron,atomshell
789,electron,electronjs
790,eleventy,11ty
791,elite-dangerous,elitedangerous
792,elm,elm-lang
793,elm,elm-language
794,elm,elmlang
795,elm,elmlanguage
796,eloquent,eloquent-orm
797,eloquent,eloquentorm
798,ember,ember
799,ember,emberjs
800,emoji,emoji-keyboard
801,emoji,emoji-unicode
802,emoji,emojikeyboard
803,emoji,emojipacks
804,emoji,emojis
805,emoji,emojiunicode
806,emqx,emq
807,emqx,emqtt
808,emulator,emulators
809,end-to-end-encryption,e2ee
810,end-to-end-encryption,endtoendencryption
811,endless-sky,endlesssky
812,endless-sky-plugins,endlessskyplugins
813,entity-resolution,data-disambigation
814,entity-resolution,data-matching
815,entity-resolution,datadisambigation
816,entity-resolution,datamatching
817,entity-resolution,de-duplication
818,entity-resolution,deduplication
819,entity-resolution,entity-linking
820,entity-resolution,entity-matching
821,entity-resolution,entitylinking
822,entity-resolution,entitymatching
823,entity-resolution,entityresolution
824,entity-resolution,link-discovery
825,entity-resolution,linkdiscovery
826,entity-resolution,record-linkage
827,entity-resolution,recordlinkage
828,error-propagation,errorpropagation
829,error-propagation,uncertainty-propagation
830,error-propagation,uncertaintypropagation
831,escape-the-room,escape-the-room-game
832,escape-the-room,escapetheroom
833,escape-the-room,escapetheroomgame
834,escape-the-room,room-escape
835,escape-the-room,room-escape-game
836,escape-the-room,roomescape
837,escape-the-room,roomescapegame
838,eslint,eslint-config
839,eslint,eslint-plugin
840,eslint,eslintconfig
841,eslint,eslintplugin
842,esolang,esolangs
843,esolang,esoteric
844,esolang,esoteric-language
845,esolang,esotericlanguage
846,esp32,esp32c3
847,esp32,esp32s2
848,esp32,esp32s3
849,ethereum,eth
850,ethereum,ether
851,evergreen-ils,evergreenils
852,example,examples
853,exploit,exploits
854,exploit,vulnerability-exploit
855,exploit,vulnerabilityexploit
856,express,expres
857,express,express-js
858,express,expressjs
859,extension,extensions
860,extension,plugin
861,extension,plugins
862,f-droid,fdroid
863,fabricmc,fabric
864,fabricmc,fabric-mod
865,fabricmc,fabricmc-mod
866,fabricmc,fabricmcmod
867,fabricmc,fabricmod
868,fabricmc,minecraft-fabric
869,fabricmc,minecraft-fabric-mod
870,fabricmc,minecraftfabric
871,fabricmc,minecraftfabricmod
872,facebook,facebook-api
873,facebook,facebook-graph-api
874,facebook,facebookapi
875,facebook,facebookgraphapi
876,facebook,fb
877,fair-source,fairsource
878,fantasy-console,fantasy-computer
879,fantasy-console,fantasycomputer
880,fantasy-console,fantasyconsole
881,fantasy-game,fantasygame
882,fastify,fastify-1
883,fastify,fastify-2
884,fastify,fastify1
885,fastify,fastify2
886,feathers,feathers-js
887,feathers,feathersjs
888,fedora,fedora-linux
889,fedora,fedora-workstation
890,fedora,fedoralinux
891,fedora,fedoraworkstation
892,felgo,v-play
893,felgo,vplay
894,felgo,vplay-engine
895,felgo,vplayengine
896,fighting-game,fightinggame
897,finite-element-method,fea
898,finite-element-method,fem
899,finite-element-method,finite-element-analysis
900,finite-element-method,finite-elements
901,finite-element-method,finiteelementanalysis
902,finite-element-method,finiteelementmethod
903,finite-element-method,finiteelements
904,finite-state-machine,finite-automata
905,finite-state-machine,finite-automaton
906,finite-state-machine,finite-automatons
907,finite-state-machine,finite-state-automata
908,finite-state-machine,finite-state-automaton
909,finite-state-machine,finite-state-automatons
910,finite-state-machine,finite-state-machines
911,finite-state-machine,finiteautomata
912,finite-state-machine,finiteautomaton
913,finite-state-machine,finiteautomatons
914,finite-state-machine,finitestateautomata
915,finite-state-machine,finitestateautomaton
916,finite-state-machine,finitestateautomatons
917,finite-state-machine,finitestatemachine
918,finite-state-machine,finitestatemachines
919,finite-state-machine,fsa
920,finite-state-machine,fsm
921,finite-state-machine,state-machine
922,finite-state-machine,statemachine
923,firefox,firefox-browser
924,firefox,firefox-quantum
925,firefox,firefoxbrowser
926,firefox,firefoxquantum
927,firefox,mozilla-firefox
928,firefox,mozillafirefox
929,firefox-extension,add-ons-for-firefox
930,firefox-extension,addonsforfirefox
931,firefox-extension,firefox-addon
932,firefox-extension,firefox-addons
933,firefox-extension,firefox-extensions
934,firefox-extension,firefox-webextension
935,firefox-extension,firefox-webextensions
936,firefox-extension,firefoxaddon
937,firefox-extension,firefoxaddons
938,firefox-extension,firefoxextension
939,firefox-extension,firefoxextensions
940,firefox-extension,firefoxwebextension
941,firefox-extension,firefoxwebextensions
942,first,first-robotics
943,first,firstrobotics
944,first-person-shooter,first-person-shooter-game
945,first-person-shooter,firstpersonshooter
946,first-person-shooter,firstpersonshootergame
947,first-person-shooter,fps
948,first-robotics-competition,first-frc
949,first-robotics-competition,firstfrc
950,first-robotics-competition,firstroboticscompetition
951,first-robotics-competition,frc
952,first-tech-challenge,first-ftc
953,first-tech-challenge,firstftc
954,first-tech-challenge,firsttechchallenge
955,first-tech-challenge,ftc
956,first-tech-challenge,ftc-robot-controller
957,first-tech-challenge,ftc-sdk
958,first-tech-challenge,ftcrobotcontroller
959,first-tech-challenge,ftcsdk
960,fish,fish-packages
961,fish,fish-plugin
962,fish,fish-shell
963,fish,fisher
964,fish,fisherman
965,fish,fishpackages
966,fish,fishplugin
967,fish,fishshell
968,fish,oh-my-fish
969,fish,ohmyfish
970,flight,flight-php
971,flight,flightphp
972,flight-simulator,flight-simulation
973,flight-simulator,flight-simulation-game
974,flight-simulator,flight-simulator-game
975,flight-simulator,flightsimulation
976,flight-simulator,flightsimulationgame
977,flight-simulator,flightsimulator
978,flight-simulator,flightsimulatorgame
979,flightgear,flightgear-flight-simulator
980,flightgear,flightgear-simulator
981,flightgear,flightgearflightsimulator
982,flightgear,flightgearsimulator
983,flipperzero,flipper-zero
984,flow-blockchain,flowblockchain
985,flow-blockchain,onflow
986,fluent-design,fluent
987,fluent-design,fluentdesign
988,font,font-face
989,font,font-size
990,font,fontface
991,font,fonts
992,font,fontsize
993,font,typeface
994,for-the-love-of-code,fortheloveofcode
995,for-the-love-of-code,ftloc
996,fortran,f77
997,fortran,f95
998,fortran,fortran2003
999,fortran,fortran2008
1000,fortran,fortran2018
1001,fortran,fortran77
1002,fortran,fortran90
1003,fortran,fortran95
1004,frame-interpolation,frameinterpolation
1005,frame-interpolation,image-interpolation
1006,frame-interpolation,imageinterpolation
1007,frame-interpolation,video-interpolation
1008,frame-interpolation,videointerpolation
1009,framer-motion,framermotion
1010,framer-motion,motion
1011,framework,frameworks
1012,freeswitch,fs
1013,frontend,frontend-developer
1014,frontend,frontenddeveloper
1015,fsharp,fsharp
1016,functional-programming,fp
1017,functional-programming,functionalprogramming
1018,fuzzing,api-fuzzing
1019,fuzzing,apifuzzing
1020,fuzzing,fuzz-testing
1021,fuzzing,fuzztesting
1022,game-development,game-dev
1023,game-development,gamedev
1024,game-development,gamedevelopment
1025,game-engine,game-engine-development
1026,game-engine,game-engine-framework
1027,game-engine,game-engines
1028,game-engine,gameengine
1029,game-engine,gameenginedevelopment
1030,game-engine,gameengineframework
1031,game-engine,gameengines
1032,game-jam,gamejam
1033,game-jam-game,gamejamgame
1034,game-jam-game,jam-code
1035,game-jam-game,jamcode
1036,game-off,gameoff
1037,game-off,ggo12
1038,game-off,ggo13
1039,game-off,ggo14
1040,game-off,ggo15
1041,game-off,ggo16
1042,game-off,github-game-off
1043,game-off,githubgameoff
1044,gameboy,gameboy-advance
1045,gameboy,gameboy-color
1046,gameboy,gameboyadvance
1047,gameboy,gameboycolor
1048,gameboy,gb
1049,gameboy,gba
1050,gameboy,gbc
1051,gamemaker,game-maker-language
1052,gamemaker,gamemaker-language
1053,gamemaker,gamemaker-studio
1054,gamemaker,gamemaker-studio-2
1055,gamemaker,gamemakerlanguage
1056,gamemaker,gamemakerstudio
1057,gamemaker,gamemakerstudio2
1058,gamemaker,gml
1059,gamemaker,gms2
1060,garrysmod,garrys-mod
1061,garrysmod,garrysmodlua
1062,garrysmod,gmod
1063,gatsby,gatsby-js
1064,gatsby,gatsbyjs
1065,gcj02,bd-09ll
1066,gcj02,bd-09mc
1067,gcj02,bd09
1068,gcj02,bd09ll
1069,gcj02,bd09mc
1070,gcj02,gcj-02
1071,geneontology,gene-ontology
1072,generative-adversarial-network,gan
1073,generative-adversarial-network,generative-adversarial-networks
1074,generative-adversarial-network,generativeadversarialnetwork
1075,generative-adversarial-network,generativeadversarialnetworks
1076,generator,electricity-generator
1077,generator,electricitygenerator
1078,generator,generators
1079,generator,power-generator
1080,generator,powergenerator
1081,genshin-impact,genshinimpact
1082,geode-mods,geodemods
1083,geojson,geo-json
1084,geojson,geojsonl
1085,geojson,rfc-7946
1086,geojson,rfc7946
1087,geometry-dash,geometrydash
1088,getting-things-done,gettingthingsdone
1089,getting-things-done,gtd
1090,gh-extension,ghextension
1091,gin,gin-contrib
1092,gin,gin-gonic
1093,gin,gincontrib
1094,gin,gingonic
1095,git,bitbucket
1096,git,github
1097,git,gitlan
1098,github-api,githubapi
1099,github-desktop,githubdesktop
1100,glam,glams
1101,global-game-jam,ggj
1102,global-game-jam,ggj2009
1103,global-game-jam,ggj2010
1104,global-game-jam,ggj2011
1105,global-game-jam,ggj2012
1106,global-game-jam,ggj2013
1107,global-game-jam,ggj2014
1108,global-game-jam,ggj2015
1109,global-game-jam,ggj2016
1110,global-game-jam,ggj2017
1111,global-game-jam,ggj2018
1112,global-game-jam,ggj2019
1113,global-game-jam,ggj2020
1114,global-game-jam,ggj2021
1115,global-game-jam,ggj2022
1116,global-game-jam,ggj2023
1117,global-game-jam,ggj2024
1118,global-game-jam,globalgamejam
1119,gmail,gmail-api
1120,gmail,gmail-bot
1121,gmail,gmail-inbox
1122,gmail,gmail-login
1123,gmail,gmail-smtp
1124,gmail,gmailapi
1125,gmail,gmailbot
1126,gmail,gmailinbox
1127,gmail,gmaillogin
1128,gmail,gmailsmtp
1129,gmail,google-mail
1130,gmail,googlemail
1131,go,golang
1132,go,golang-examples
1133,go,golangexamples
1134,god-game,artificial-life
1135,god-game,artificial-life-game
1136,god-game,artificiallife
1137,god-game,artificiallifegame
1138,god-game,godgame
1139,godot,gdscript
1140,godot,godot-engine
1141,godot,godot-game-engine
1142,godot,godotengine
1143,godot,godotgameengine
1144,golem,golem-network
1145,golem,golemnetwork
1146,golfing-language,golfinglanguage
1147,golfing-language,golflang
1148,google-admin,google-admin-api
1149,google-admin,google-admin-sdk
1150,google-admin,googleadmin
1151,google-admin,googleadminapi
1152,google-admin,googleadminsdk
1153,google-apps-script,apps-script
1154,google-apps-script,appsscript
1155,google-apps-script,google-apps-script-api
1156,google-apps-script,google-script
1157,google-apps-script,googleappsscript
1158,google-apps-script,googleappsscriptapi
1159,google-apps-script,googlescript
1160,google-calendar,gcalendar
1161,google-calendar,google-calendar-api
1162,google-calendar,googlecalendar
1163,google-calendar,googlecalendarapi
1164,google-chat,google-chat-api
1165,google-chat,googlechat
1166,google-chat,googlechatapi
1167,google-chat,hangouts-chat
1168,google-chat,hangoutschat
1169,google-classroom,google-classroom-api
1170,google-classroom,googleclassroom
1171,google-classroom,googleclassroomapi
1172,google-cloud,gcp
1173,google-cloud,google-cloud-platform
1174,google-cloud,googlecloud
1175,google-cloud,googlecloudplatform
1176,google-cloud-identity,google-cloud-identity-api
1177,google-cloud-identity,googlecloudidentity
1178,google-cloud-identity,googlecloudidentityapi
1179,google-docs,gdocs
1180,google-docs,google-docs-api
1181,google-docs,googledocs
1182,google-docs,googledocsapi
1183,google-drive,gdrive
1184,google-drive,google-drive-api
1185,google-drive,googledrive
1186,google-drive,googledriveapi
1187,google-forms,google-forms-api
1188,google-forms,googleforms
1189,google-forms,googleformsapi
1190,google-groups,google-groups-api
1191,google-groups,googlegroups
1192,google-groups,googlegroupsapi
1193,google-keep,google-keep-api
1194,google-keep,googlekeep
1195,google-keep,googlekeepapi
1196,google-maps,googlemaps
1197,google-meet,google-meet-api
1198,google-meet,googlemeet
1199,google-meet,googlemeetapi
1200,google-sheets,google-sheets-api
1201,google-sheets,google-spreadsheet
1202,google-sheets,google-spreadsheets
1203,google-sheets,googlesheets
1204,google-sheets,googlesheetsapi
1205,google-sheets,googlespreadsheet
1206,google-sheets,googlespreadsheets
1207,google-sheets,gsheets
1208,google-slides,google-slides-api
1209,google-slides,googleslides
1210,google-slides,googleslidesapi
1211,google-tasks,google-tasks-api
1212,google-tasks,googletasks
1213,google-tasks,googletasksapi
1214,google-vault,google-vault-api
1215,google-vault,googlevault
1216,google-vault,googlevaultapi
1217,google-workspace,google-workspace-api
1218,google-workspace,googleworkspace
1219,google-workspace,googleworkspaceapi
1220,google-workspace,gsuite
1221,gpl,gnu-general-public-license
1222,gpl,gnu-public-license
1223,gpl,gnugeneralpubliclicense
1224,gpl,gnupubliclicense
1225,gpl,gplv2
1226,gpl,gplv3
1227,grapheneos,android-hardening
1228,grapheneos,android-hardening-project
1229,grapheneos,androidhardening
1230,grapheneos,androidhardening-project
1231,grapheneos,androidhardeningproject
1232,grapheneos,copperhead
1233,grapheneos,copperhead-os
1234,grapheneos,copperheados
1235,grapheneos,graphene-os
1236,graphql,graphql-api
1237,graphql,graphql-client
1238,graphql,graphql-query
1239,graphql,graphql-schema
1240,graphql,graphql-server
1241,graphql,graphqlapi
1242,graphql,graphqlclient
1243,graphql,graphqlquery
1244,graphql,graphqlschema
1245,graphql,graphqlserver
1246,green-software,green-computing
1247,green-software,greencomputing
1248,green-software,greensoftware
1249,green-software,sustainable-software
1250,green-software,sustainablesoftware
1251,grid-computing,gridcomputing
1252,gtfs,gtfs-dataset
1253,gtfs,gtfs-realtime
1254,gtfs,gtfsdataset
1255,gtfs,gtfsrealtime
1256,gtk,gtk2
1257,gtk,gtk3
1258,gtk,gtk4
1259,gui,graphical-user-interface
1260,gui,graphicaluserinterface
1261,gui,ugui
1262,guilded,guilded-gg
1263,guilded,guildedgg
1264,guildwars2,guild-wars-2
1265,guildwars2,guildwars-2
1266,guildwars2,guildwarstwo
1267,guildwars2,gw2
1268,gulp,gulp-js
1269,gulp,gulpjs
1270,hack-and-slash,hack-and-slash-game
1271,hack-and-slash,hack-and-slay-game
1272,hack-and-slash,hack-n-slash
1273,hack-and-slash,hack-n-slash-game
1274,hack-and-slash,hack-n-slay
1275,hack-and-slash,hack-n-slay-game
1276,hack-and-slash,hackandslash
1277,hack-and-slash,hackandslashgame
1278,hack-and-slash,hackandslaygame
1279,hack-and-slash,hacknslash
1280,hack-and-slash,hacknslashgame
1281,hack-and-slash,hacknslay
1282,hack-and-slash,hacknslaygame
1283,hackathon,codefest
1284,hackathon,hackathons
1285,hackathon,hackday
1286,hackathon,hackfest
1287,hackathon-kit,hack-kit
1288,hackathon-kit,hackathonkit
1289,hackathon-kit,hackkit
1290,hackathon-kit,resource
1291,hackathon-kit,resources
1292,hackathon-organiser,event-organiser
1293,hackathon-organiser,event-organizer
1294,hackathon-organiser,eventorganiser
1295,hackathon-organiser,eventorganizer
1296,hackathon-organiser,hack-organiser
1297,hackathon-organiser,hack-organizer
1298,hackathon-organiser,hackathon-organizer
1299,hackathon-organiser,hackathonorganiser
1300,hackathon-organiser,hackathonorganizer
1301,hackathon-organiser,hackorganiser
1302,hackathon-organiser,hackorganizer
1303,hackerrank,hackerrank-30dayschallange
1304,hackerrank,hackerrank-algorithms-solutions
1305,hackerrank,hackerrank-challenges
1306,hackerrank,hackerrank-cpp
1307,hackerrank,hackerrank-java
1308,hackerrank,hackerrank-javascript
1309,hackerrank,hackerrank-python
1310,hackerrank,hackerrank-solutions
1311,hackerrank,hackerrank-sql
1312,hackerrank,hackerrank30dayschallange
1313,hackerrank,hackerrankalgorithmssolutions
1314,hackerrank,hackerrankchallenges
1315,hackerrank,hackerrankcpp
1316,hackerrank,hackerrankjava
1317,hackerrank,hackerrankjavascript
1318,hackerrank,hackerrankpython
1319,hackerrank,hackerranksolutions
1320,hackerrank,hackerranksql
1321,hacktoberfest,hacktoberfest-challenge
1322,hacktoberfest,hacktoberfest-contribute
1323,hacktoberfest,hacktoberfest-contributions
1324,hacktoberfest,hacktoberfest-maintainer
1325,hacktoberfest,hacktoberfest-participants
1326,hacktoberfest,hacktoberfest-project
1327,hacktoberfest,hacktoberfest-repo
1328,hacktoberfest,hacktoberfest-topic
1329,hacktoberfest,hacktoberfestchallenge
1330,hacktoberfest,hacktoberfestcontribute
1331,hacktoberfest,hacktoberfestcontributions
1332,hacktoberfest,hacktoberfestmaintainer
1333,hacktoberfest,hacktoberfestparticipants
1334,hacktoberfest,hacktoberfestproject
1335,hacktoberfest,hacktoberfestrepo
1336,hacktoberfest,hacktoberfesttopic
1337,hammer,hammer-editor
1338,hammer,hammereditor
1339,hammer,valve-hammer
1340,hammer,valvehammer
1341,hammer,worldcraft
1342,handlebars,handlebarsjs
1343,haxe,haxelib
1344,haxe,hx
1345,haxe,hxml
1346,hdu,hangzhou-dianzi-university
1347,hdu,hangzhoudianziuniversity
1348,highlightjs,highlight-js
1349,hms,hms-core
1350,hms,hmscore
1351,home-assistant,homeassistant
1352,homebrew,brew
1353,honojs,hono
1354,honojs,hono-js
1355,html,html5
1356,http,http2
1357,http,https
1358,hugo,hugo-theme
1359,hugo,hugotheme
1360,i18n,i18n
1361,i18n,internationalisation
1362,i18n,internationalization
1363,iced,icedrs
1364,icon-font,icon-fonts
1365,icon-font,iconfont
1366,icon-font,iconfonts
1367,id-tech,idtech
1368,identicons,identicon
1369,image,gif
1370,image,images
1371,image,jpeg
1372,image,photo
1373,image,photos
1374,image,picture
1375,image,pictures
1376,image,png
1377,image-processing,digital-image-processing
1378,image-processing,digitalimageprocessing
1379,image-processing,imageprocessing
1380,imagej,fiji
1381,imagej,fiji-plugin
1382,imagej,fijiplugin
1383,incremental-game,clicker
1384,incremental-game,clicker-game
1385,incremental-game,clickergame
1386,incremental-game,clicking-game
1387,incremental-game,clickinggame
1388,incremental-game,idle-game
1389,incremental-game,idlegame
1390,incremental-game,incrementalgame
1391,indieweb,indiewebcamp
1392,infoarena,info-arena
1393,infoarena,info-arena-ro
1394,infoarena,infoarena-ro
1395,infoarena,infoarenaro
1396,infrastructure-as-code,iac
1397,infrastructure-as-code,infrastructureascode
1398,instagram,ig
1399,instagram,insta
1400,integration-testing,integration-tests
1401,integration-testing,integrationtesting
1402,integration-testing,integrationtests
1403,intellij-idea,intellij
1404,intellij-idea,intellijidea
1405,interactive-fiction,if
1406,interactive-fiction,interactivefiction
1407,interactive-film,interactive-video
1408,interactive-film,interactivefilm
1409,interactive-film,interactivevideo
1410,interactive-film,interative-movie
1411,interactive-film,interativemovie
1412,interactive-film,movie-game
1413,interactive-film,moviegame
1414,internet-archive,internetarchive
1415,internet-archive,wayback-machine
1416,internet-archive,waybackmachine
1417,interview,interview-questions
1418,interview,interviewquestions
1419,interview,job-interview
1420,interview,jobinterview
1421,io,io-domain
1422,io,io-game
1423,io,io-website
1424,io,iodomain
1425,io,iogame
1426,io,iowebsite
1427,ionic,ionicframework
1428,ios,ios-app
1429,ios,ios-swift
1430,ios,ios10
1431,ios,ios11
1432,ios,iosapp
1433,ios,iosswift
1434,iot,internet-of-things
1435,iot,internetofthings
1436,ipfs,go-ipfs
1437,ipfs,goipfs
1438,ipfs,ipfs-api
1439,ipfs,ipfs-daemon
1440,ipfs,ipfs-protocol
1441,ipfs,ipfs-webui
1442,ipfs,ipfsapi
1443,ipfs,ipfsdaemon
1444,ipfs,ipfsprotocol
1445,ipfs,ipfswebui
1446,ipfs,js-ipfs
1447,ipfs,jsipfs
1448,irc,internet-relay-chat
1449,irc,internetrelaychat
1450,irc,irc-chat
1451,irc,irc-network
1452,irc,irc-website
1453,irc,ircchat
1454,irc,ircnetwork
1455,irc,ircwebsite
1456,iris,iris-framework
1457,iris,iris-go
1458,iris,iris-golang
1459,iris,iris12
1460,iris,irisframework
1461,iris,irisgo
1462,iris,irisgolang
1463,iso-8601,iso8601
1464,itmo,ifmo
1465,itmo,itmo-university
1466,itmo,itmouniversity
1467,jakarta-ee,jakartaee
1468,jamstack,jam-stack
1469,java,java-11
1470,java,java-8
1471,java,java-se
1472,java,java11
1473,java,java8
1474,java,javase
1475,java,jdk
1476,java,jvm
1477,java,openjdk
1478,javafx,javafx-application
1479,javafx,javafx-desktop-apps
1480,javafx,javafx-gui
1481,javafx,javafx-library
1482,javafx,javafxapplication
1483,javafx,javafxdesktopapps
1484,javafx,javafxgui
1485,javafx,javafxlibrary
1486,javafx,openjfx
1487,javascript,js
1488,jekyll,jekyll-site
1489,jekyll,jekyll-theme
1490,jekyll,jekyll-themes
1491,jekyll,jekyll-website
1492,jekyll,jekyllsite
1493,jekyll,jekylltheme
1494,jekyll,jekyllthemes
1495,jekyll,jekyllwebsite
1496,jenkins,jenkins-ci
1497,jenkins,jenkins-pipeline
1498,jenkins,jenkinsci
1499,jenkins,jenkinspipeline
1500,jetbrains-mps,jetbrainsmps
1501,jetpack-compose,jetpackcompose
1502,js13kgames,js13k
1503,json-api,jsonapi
1504,json-schema,jsonschema
1505,jule,julelang
1506,julia,julia-language
1507,julia,julialang
1508,julia,julialanguage
1509,julia-sets,julia-fractal
1510,julia-sets,julia-set
1511,julia-sets,juliafractal
1512,julia-sets,juliaset
1513,julia-sets,juliasets
1514,jupyter-notebook,ipynb
1515,jupyter-notebook,ipynb-jupyter-notebook
1516,jupyter-notebook,ipynb-notebook
1517,jupyter-notebook,ipynbjupyternotebook
1518,jupyter-notebook,ipynbnotebook
1519,jupyter-notebook,ipython-notebook
1520,jupyter-notebook,ipythonnotebook
1521,jupyter-notebook,jupyter
1522,jupyter-notebook,jupyter-lab
1523,jupyter-notebook,jupyter-notebook
1524,jupyter-notebook,jupyterlab
1525,jupyter-notebook,jupyternotebook
1526,jwt,json-web-token
1527,jwt,json-web-tokens
1528,jwt,jsonwebtoken
1529,jwt,jsonwebtokens
1530,jwt,jwa
1531,jwt,jwt-auth
1532,jwt,jwt-authentication
1533,jwt,jwt-token
1534,jwt,jwt-tokens
1535,jwt,jwtauth
1536,jwt,jwtauthentication
1537,jwt,jwttoken
1538,jwt,jwttokens
1539,jwt,rfc-7519
1540,jwt,rfc7519
1541,kakoune,kak
1542,kart-racing,cart-racing
1543,kart-racing,cart-racing-game
1544,kart-racing,cartracing
1545,kart-racing,cartracinggame
1546,kart-racing,go-kart-racing
1547,kart-racing,go-kart-racing-game
1548,kart-racing,gokartracing
1549,kart-racing,gokartracinggame
1550,kart-racing,kart-racing-game
1551,kart-racing,kartracing
1552,kart-racing,kartracinggame
1553,keras,kera
1554,kerbal-space-program,kerbal
1555,kerbal-space-program,kerbal-space
1556,kerbal-space-program,kerbalspace
1557,kerbal-space-program,kerbalspaceprogram
1558,kerbal-space-program,ksp
1559,kerbal-space-program-2,kerbalspaceprogram2
1560,kerbal-space-program-2,ksp2
1561,kernel,exokernel
1562,kernel,micro-kernel
1563,kernel,microkernel
1564,kernel,nanokernel
1565,kex-engine,kex
1566,kex-engine,kexengine
1567,kiota-index,kiotaindex
1568,kiota-index,openapi-index
1569,kiota-index,openapiindex
1570,kivy,kivy-application
1571,kivy,kivy-framework
1572,kivy,kivy-language
1573,kivy,kivy-widget
1574,kivy,kivyapplication
1575,kivy,kivyframework
1576,kivy,kivylanguage
1577,kivy,kivywidget
1578,kivy,python-kivy
1579,kivy,pythonkivy
1580,koa,koa-middleware
1581,koa,koa2
1582,koa,koajs
1583,koa,koamiddleware
1584,kontent-ai,kontent
1585,kontent-ai,kontentai
1586,kotlin-multiplatform,kotlinmultiplatform
1587,kubernetes,bare-metal
1588,kubernetes,k8s
1589,kubernetes,kubectl-kubernetes
1590,kubernetes,minikube
1591,lamp,lamp-server
1592,lamp,lampserver
1593,laravel,laravel-framework
1594,laravel,laravel10
1595,laravel,laravel4
1596,laravel,laravel5
1597,laravel,laravel54
1598,laravel,laravel55
1599,laravel,laravel6
1600,laravel,laravel7
1601,laravel,laravel8
1602,laravel,laravel9
1603,laravel,laravelframework
1604,latex,bibtex
1605,latex,latex-class
1606,latex,latex-document
1607,latex,latex-examples
1608,latex,latex-package
1609,latex,latex-template
1610,latex,latexclass
1611,latex,latexdocument
1612,latex,latexexamples
1613,latex,latexpackage
1614,latex,latextemplate
1615,latex,tex
1616,latex,xelatex
1617,league-of-legends,lcu
1618,league-of-legends,lcu-api
1619,league-of-legends,lcuapi
1620,league-of-legends,league-client
1621,league-of-legends,league-client-api
1622,league-of-legends,league-of-legends-api
1623,league-of-legends,league-of-legends-client
1624,league-of-legends,leagueclient
1625,league-of-legends,leagueclientapi
1626,league-of-legends,leagueoflegends
1627,league-of-legends,leagueoflegendsapi
1628,league-of-legends,leagueoflegendsclient
1629,league-of-legends,riot-games-league
1630,league-of-legends,riotgamesleague
1631,lean,lean3
1632,lean,lean4
1633,lean,leanprover
1634,less,less-css
1635,less,lesscss
1636,less,lessjs
1637,library,dlib
1638,library,dll
1639,library,lib
1640,library,libgdx
1641,library,libraries
1642,life-simulator,life-simulator-game
1643,life-simulator,lifesimulator
1644,life-simulator,lifesimulatorgame
1645,light-gun-shooter,light-gun-shooter-game
1646,light-gun-shooter,lightgunshooter
1647,light-gun-shooter,lightgunshootergame
1648,liko-12,liko12
1649,linux,linux-app
1650,linux,linux-desktop
1651,linux,linux-distribution
1652,linux,linux-kernel
1653,linux,linuxapp
1654,linux,linuxdesktop
1655,linux,linuxdistribution
1656,linux,linuxkernel
1657,linux-learning,learn-linux
1658,linux-learning,learnlinux
1659,linux-learning,linux-education
1660,linux-learning,linux-guides
1661,linux-learning,linux-knowledge
1662,linux-learning,linux-tutorials
1663,linux-learning,linuxeducation
1664,linux-learning,linuxguides
1665,linux-learning,linuxknowledge
1666,linux-learning,linuxlearning
1667,linux-learning,linuxtutorials
1668,linuxmint,mint
1669,livewire,laravel-livewire
1670,livewire,laravellivewire
1671,ll-parser,llparser
1672,llm,large-language-model
1673,llm,largelanguagemodel
1674,llm,llms
1675,localization,l10n
1676,localization,localisation
1677,localstorage,local-storage
1678,logging,application-logging
1679,logging,applicationlogging
1680,logging,audit-trail
1681,logging,audittrail
1682,logging,data-logging
1683,logging,datalogging
1684,logging,error-logging
1685,logging,errorlogging
1686,logging,event-logging
1687,logging,eventlogging
1688,logging,log-analysis
1689,logging,loganalysis
1690,logging,logging-framework
1691,logging,loggingframework
1692,logging,system-logging
1693,logging,systemlogging
1694,love2d,love2d-framework
1695,love2d,love2dframework
1696,low-code,low-code-development
1697,low-code,lowcode
1698,low-code,lowcodedevelopment
1699,lr-parser,lr-parsing
1700,lr-parser,lrparser
1701,lr-parser,lrparsing
1702,lua,luajit
1703,ludum-dare,ld0
1704,ludum-dare,ld1
1705,ludum-dare,ld10
1706,ludum-dare,ld11
1707,ludum-dare,ld12
1708,ludum-dare,ld13
1709,ludum-dare,ld14
1710,ludum-dare,ld15
1711,ludum-dare,ld16
1712,ludum-dare,ld17
1713,ludum-dare,ld18
1714,ludum-dare,ld19
1715,ludum-dare,ld2
1716,ludum-dare,ld20
1717,ludum-dare,ld21
1718,ludum-dare,ld22
1719,ludum-dare,ld23
1720,ludum-dare,ld24
1721,ludum-dare,ld25
1722,ludum-dare,ld26
1723,ludum-dare,ld27
1724,ludum-dare,ld28
1725,ludum-dare,ld29
1726,ludum-dare,ld3
1727,ludum-dare,ld30
1728,ludum-dare,ld31
1729,ludum-dare,ld32
1730,ludum-dare,ld33
1731,ludum-dare,ld34
1732,ludum-dare,ld35
1733,ludum-dare,ld36
1734,ludum-dare,ld37
1735,ludum-dare,ld38
1736,ludum-dare,ld39
1737,ludum-dare,ld4
1738,ludum-dare,ld40
1739,ludum-dare,ld41
1740,ludum-dare,ld42
1741,ludum-dare,ld43
1742,ludum-dare,ld44
1743,ludum-dare,ld45
1744,ludum-dare,ld46
1745,ludum-dare,ld47
1746,ludum-dare,ld48
1747,ludum-dare,ld49
1748,ludum-dare,ld5
1749,ludum-dare,ld6
1750,ludum-dare,ld7
1751,ludum-dare,ld8
1752,ludum-dare,ld9
1753,ludum-dare,ldjam
1754,ludum-dare,ldjam0
1755,ludum-dare,ldjam1
1756,ludum-dare,ldjam10
1757,ludum-dare,ldjam11
1758,ludum-dare,ldjam12
1759,ludum-dare,ldjam13
1760,ludum-dare,ldjam14
1761,ludum-dare,ldjam15
1762,ludum-dare,ldjam16
1763,ludum-dare,ldjam17
1764,ludum-dare,ldjam18
1765,ludum-dare,ldjam19
1766,ludum-dare,ldjam2
1767,ludum-dare,ldjam20
1768,ludum-dare,ldjam21
1769,ludum-dare,ldjam22
1770,ludum-dare,ldjam23
1771,ludum-dare,ldjam24
1772,ludum-dare,ldjam25
1773,ludum-dare,ldjam26
1774,ludum-dare,ldjam27
1775,ludum-dare,ldjam28
1776,ludum-dare,ldjam29
1777,ludum-dare,ldjam3
1778,ludum-dare,ldjam30
1779,ludum-dare,ldjam31
1780,ludum-dare,ldjam32
1781,ludum-dare,ldjam33
1782,ludum-dare,ldjam34
1783,ludum-dare,ldjam35
1784,ludum-dare,ldjam36
1785,ludum-dare,ldjam37
1786,ludum-dare,ldjam38
1787,ludum-dare,ldjam39
1788,ludum-dare,ldjam4
1789,ludum-dare,ldjam40
1790,ludum-dare,ldjam41
1791,ludum-dare,ldjam42
1792,ludum-dare,ldjam43
1793,ludum-dare,ldjam44
1794,ludum-dare,ldjam45
1795,ludum-dare,ldjam46
1796,ludum-dare,ldjam47
1797,ludum-dare,ldjam48
1798,ludum-dare,ldjam49
1799,ludum-dare,ldjam5
1800,ludum-dare,ldjam6
1801,ludum-dare,ldjam7
1802,ludum-dare,ldjam8
1803,ludum-dare,ldjam9
1804,ludum-dare,ludumdare
1805,machine-learning,automl
1806,machine-learning,machine-learning-algorithms
1807,machine-learning,machine-learning-application
1808,machine-learning,machine-learning-library
1809,machine-learning,machine-learning-models
1810,machine-learning,machinelearning
1811,machine-learning,machinelearningalgorithms
1812,machine-learning,machinelearningapplication
1813,machine-learning,machinelearninglibrary
1814,machine-learning,machinelearningmodels
1815,machine-learning,ml
1816,machinima,machine-cinema
1817,machinima,machinecinema
1818,machinima,quake-movie
1819,machinima,quakemovie
1820,macos,mac
1821,macos,mac-osx
1822,macos,macos
1823,macos,macos-app
1824,macos,macos-sierra
1825,macos,macosapp
1826,macos,macossierra
1827,macos,macosx
1828,mahapps,mahapps-metro
1829,mahapps,mahappsmetro
1830,malware,computer-malware
1831,malware,computermalware
1832,mantine,mantine-core
1833,mantine,mantine-hooks
1834,mantine,mantine-ui
1835,mantine,mantinecore
1836,mantine,mantinehooks
1837,mantine,mantineui
1838,mariadb,mariadb-server
1839,mariadb,mariadbserver
1840,markdown,markdown-editor
1841,markdown,markdowneditor
1842,markdown,md
1843,marketing,digital-marketing
1844,marketing,digitalmarketing
1845,marketing,go-to-market
1846,marketing,gotomarket
1847,marketing,growth
1848,marketing,gtm
1849,marketing,martech
1850,massively-multiplayer-online,massively-multiplayer-online-game
1851,massively-multiplayer-online,massivelymultiplayeronline
1852,massively-multiplayer-online,massivelymultiplayeronlinegame
1853,massively-multiplayer-online,mmo
1854,massively-multiplayer-online,mmog
1855,material-design,material
1856,material-design,material-design-principles
1857,material-design,material3
1858,material-design,materialdesign
1859,material-design,materialdesignprinciples
1860,material-design-for-bootstrap,materialdesignforbootstrap
1861,mathcomp,math-comp
1862,mathematics,math
1863,matlab,matrix-laboratory
1864,matlab,matrixlaboratory
1865,matrix-org,matrix
1866,matrix-org,matrixorg
1867,matter,matter-devices
1868,matter,matter-iot
1869,matter,matter-smarthome
1870,matter,matterdevices
1871,matter,matteriot
1872,matter,mattersmarthome
1873,maven,apache-maven
1874,maven,apachemaven
1875,maze,maze-algorithms
1876,maze,maze-creation
1877,maze,maze-generation
1878,maze,maze-generation-algorithms
1879,maze,maze-generator
1880,maze,maze-solver
1881,maze,maze-solving
1882,maze,maze-solving-algorithms
1883,maze,mazealgorithms
1884,maze,mazecreation
1885,maze,mazegeneration
1886,maze,mazegenerationalgorithms
1887,maze,mazegenerator
1888,maze,mazes
1889,maze,mazesolver
1890,maze,mazesolving
1891,maze,mazesolvingalgorithms
1892,mcnp,mcnp5
1893,mcnp,mcnp6
1894,mcp,model-context-protocol
1895,mcp,modelcontextprotocol
1896,mcp-server,mcp-servers
1897,mcp-server,mcpserver
1898,mcp-server,mcpservers
1899,mdx,mdx-js
1900,mdx,mdxjs
1901,mean-stack,mean
1902,mean-stack,meanstack
1903,media-queries,media-query
1904,media-queries,mediaqueries
1905,media-queries,mediaquery
1906,mediawiki,mediawiki-api
1907,mediawiki,mediawikiapi
1908,medical-imaging,biological-imaging
1909,medical-imaging,biologicalimaging
1910,medical-imaging,medicalimaging
1911,medical-imaging,ultrasound-imaging
1912,medical-imaging,ultrasoundimaging
1913,medium,medium-api
1914,medium,medium-app
1915,medium,medium-article
1916,medium,medium-com
1917,medium,medium-editor
1918,medium,mediumapi
1919,medium,mediumapp
1920,medium,mediumarticle
1921,medium,mediumcom
1922,medium,mediumeditor
1923,megengine,mge
1924,mercury-lang,mercurylang
1925,mern,mern-stack
1926,mern,mernstack
1927,meteor,meteorjs
1928,metroidvania,metroidvania-game
1929,metroidvania,metroidvaniagame
1930,microcontroller,mcu
1931,microcontroller,micro-controller
1932,microcontroller,micro-controllers
1933,microcontroller,microcontrollers
1934,microformats,mf2
1935,microformats,microformat
1936,microformats,microformats2
1937,microformats,mikroformat
1938,microformats,mikroformate
1939,micropython,micro-python
1940,micropython,upython
1941,microservice,microservices
1942,mill-plugin,millplugin
1943,minecraft,minecraft-java
1944,minecraft,minecraftjava
1945,minecraft-addon,mcpe-addon
1946,minecraft-addon,mcpeaddon
1947,minecraft-addon,minecraft-bedrock-addon
1948,minecraft-addon,minecraftaddon
1949,minecraft-addon,minecraftbedrockaddon
1950,minecraft-addon,minecraftpe-mods
1951,minecraft-addon,minecraftpemods
1952,minecraft-bedrock-edition,bedrock-edition
1953,minecraft-bedrock-edition,bedrockedition
1954,minecraft-bedrock-edition,mcbe
1955,minecraft-bedrock-edition,mcpe
1956,minecraft-bedrock-edition,minecraftbedrockedition
1957,minecraft-forge,forge
1958,minecraft-forge,forgemc
1959,minecraft-forge,minecraft-forge-mod
1960,minecraft-forge,minecraft-forge-modification
1961,minecraft-forge,minecraft-forge-mods
1962,minecraft-forge,minecraftforge
1963,minecraft-forge,minecraftforgemod
1964,minecraft-forge,minecraftforgemodification
1965,minecraft-forge,minecraftforgemods
1966,minecraft-mod,minecraft-modding
1967,minecraft-mod,minecraft-modpack
1968,minecraft-mod,minecraftmod
1969,minecraft-mod,minecraftmodding
1970,minecraft-mod,minecraftmodpack
1971,minecraft-plugin,minecraftplugin
1972,minecraft-server,bedrock-server
1973,minecraft-server,bedrockserver
1974,minecraft-server,mc-server
1975,minecraft-server,mcpe-server
1976,minecraft-server,mcpeserver
1977,minecraft-server,mcserver
1978,minecraft-server,minecraftserver
1979,minetest,minetest-game
1980,minetest,minetest-mod
1981,minetest,minetestgame
1982,minetest,minetestmod
1983,mlx,ml-explore
1984,mlx,mlexplore
1985,mobile,mobile-apps
1986,mobile,mobileapps
1987,mocha,mochajs
1988,molecular-dynamics,molecular-dynamics-simulation
1989,molecular-dynamics,moleculardynamics
1990,molecular-dynamics,moleculardynamicssimulation
1991,moleculer,moleculer-framework
1992,moleculer,moleculerframework
1993,moleculer,moleculerjs
1994,monero,monero-crypto
1995,monero,monero-cryptocurrency
1996,monero,monerocrypto
1997,monero,monerocryptocurrency
1998,mongodb,mongo
1999,mongodb,mongo-db
2000,mongodb,mongodb
2001,mongodb,mongodb-database
2002,mongodb,mongodbdatabase
2003,mongoose,mongoose-js
2004,mongoose,mongoose-model
2005,mongoose,mongoose-plugin
2006,mongoose,mongoosejs
2007,mongoose,mongoosemodel
2008,mongoose,mongooseplugin
2009,monitoring,metrics
2010,monitoring,monitor
2011,monitoring,monitoring
2012,motorola-68000,68000
2013,motorola-68000,68000-family
2014,motorola-68000,68000-processor
2015,motorola-68000,68000-series
2016,motorola-68000,68000family
2017,motorola-68000,68000processor
2018,motorola-68000,68000series
2019,motorola-68000,68k
2020,motorola-68000,m68000
2021,motorola-68000,m68k
2022,motorola-68000,mc68000
2023,motorola-68000,motorola-680x0
2024,motorola-68000,motorola68000
2025,motorola-68000,motorola680x0
2026,mount-and-blade-bannerlord,bannerlord
2027,mount-and-blade-bannerlord,bannerlord-mod
2028,mount-and-blade-bannerlord,bannerlordmod
2029,mount-and-blade-bannerlord,mountandbladebannerlord
2030,move-sui,move
2031,move-sui,move-lang
2032,move-sui,movelang
2033,move-sui,movesui
2034,mozilla,mozilla-foundation
2035,mozilla,mozillafoundation
2036,msp-mcp,mspmcp
2037,mud-game,mud
2038,mud-game,mudgame
2039,mud-game,multi-user-dungeon
2040,mud-game,multiple-user-dungeon
2041,mud-game,multipleuserdungeon
2042,mud-game,multiuserdungeon
2043,music-game,musicgame
2044,mvc,model-view-controller
2045,mvc,modelviewcontroller
2046,mvvmcross,mvvmcross-plugin
2047,mvvmcross,mvvmcrossplugin
2048,mvvmcross,xamarin-mvvmcross
2049,mvvmcross,xamarinmvvmcross
2050,mysql,mysql-database
2051,mysql,mysqldatabase
2052,nanocurrency,nano-currency
2053,nanocurrency,raiblocks
2054,nasa-pace,nasapace
2055,nativescript,tns
2056,nebula-graph,nebulagraph
2057,neovim,neovim-clients
2058,neovim,neovim-guis
2059,neovim,neovim-qt
2060,neovim,neovimclients
2061,neovim,neovimguis
2062,neovim,neovimqt
2063,neovim,nvim
2064,nestjs,nest
2065,nestjs,nest-js
2066,nestjs,nestjs
2067,netbox-plugin,netbox-plugins
2068,netbox-plugin,netboxplugin
2069,netbox-plugin,netboxplugins
2070,netflix,none
2071,nette,nette-framework
2072,nette,netteframework
2073,nette,nettefw
2074,network,computer-networks
2075,network,computernetworks
2076,network,networking
2077,neural-network,artificial-neural-network
2078,neural-network,artificialneuralnetwork
2079,neural-network,neuralnetwork
2080,nextjs,next
2081,nextjs,next-js
2082,nexus-mods,nexusmods
2083,nim,nim-lang
2084,nim,nim-language
2085,nim,nimlang
2086,nim,nimlanguage
2087,nix,nix-lang
2088,nix,nixlang
2089,nix,nixos
2090,nix,nixpkgs
2091,nlp,natural-language-processing
2092,nlp,naturallanguageprocessing
2093,nlp,nlp-machine-learning
2094,nlp,nlp-resources
2095,nlp,nlpmachinelearning
2096,nlp,nlpresources
2097,nlp,nlu
2098,no-code,nocode
2099,noaa-nsap,noaansap
2100,nodejs,node
2101,nodejs,node-js
2102,nosql,no-sql
2103,nosql,nosql-database
2104,nosql,nosql-databases
2105,nosql,nosqldatabase
2106,nosql,nosqldatabases
2107,npm,npm-package
2108,npm,npmjs
2109,npm,npmpackage
2110,nuget,nuget-package
2111,nuget,nugetpackage
2112,nunjucks,njk
2113,nuxt,nuxtjs
2114,nvidia,nvidia-gpu
2115,nvidia,nvidiagpu
2116,oai-pmh,oai
2117,oai-pmh,oaipmh
2118,oauth2,rfc-6749
2119,oauth2,rfc6749
2120,objective-c,objectivec
2121,obofoundry,obo
2122,obsidian-md,obsidian
2123,obsidian-md,obsidianmd
2124,oidc,openid-connect
2125,oidc,openidconnect
2126,online-judge,onlinejudge
2127,oop,object-oriented-design
2128,oop,object-oriented-programming
2129,oop,objectorienteddesign
2130,oop,objectorientedprogramming
2131,open-access,openaccess
2132,open-data,opendata
2133,open-graph,open-graph-protocol
2134,open-graph,open-graph-tags
2135,open-graph,opengraph
2136,open-graph,opengraph-tags
2137,open-graph,opengraphprotocol
2138,open-graph,opengraphtags
2139,open-policy-agent,opa
2140,open-policy-agent,openpolicyagent
2141,open-props,openprops
2142,open-source,opensource
2143,open-source,oss
2144,openapi,oas
2145,openapi,open-api
2146,openapi,open-api-specification
2147,openapi,openapi-description
2148,openapi,openapi-spec
2149,openapi,openapi-specification
2150,openapi,openapidescription
2151,openapi,openapispec
2152,openapi,openapispecification
2153,openapi,swagger-spec
2154,openapi,swagger-specification
2155,openapi,swaggerspec
2156,openapi,swaggerspecification
2157,openfaas,faas-cli
2158,openfaas,faascli
2159,openfaas,faasd
2160,openfaas,open-faas
2161,openfeature,open-feature
2162,openfin,openfin-api
2163,openfin,openfinapi
2164,openstreetmap,collaborative-mapping
2165,openstreetmap,collaborativemapping
2166,opentelemetry,open-telemetry
2167,openui5,sapui5
2168,operating-system,operating-system-examples
2169,operating-system,operating-systems
2170,operating-system,operating-systems-tutorials
2171,operating-system,operatingsystem
2172,operating-system,operatingsystemexamples
2173,operating-system,operatingsystems
2174,operating-system,operatingsystemstutorials
2175,operating-system,os
2176,oracle-database,oracle
2177,oracle-database,oracle-db
2178,oracle-database,oracledatabase
2179,oracle-database,oracledb
2180,orm,object-relational-mapper
2181,orm,object-relational-mapping
2182,orm,objectrelationalmapper
2183,orm,objectrelationalmapping
2184,p2p,peer-to-peer
2185,p2p,peer2peer
2186,p2p,peertopeer
2187,package-manager,package-manager-tool
2188,package-manager,packagemanager
2189,package-manager,packagemanagertool
2190,parsing,ast
2191,parsing,backus-naur-form
2192,parsing,backusnaurform
2193,parsing,bnf
2194,parsing,grammar
2195,parsing,lalr
2196,parsing,lexer
2197,parsing,lexical-analysis
2198,parsing,lexicalanalysis
2199,parsing,parse
2200,parsing,parser-generator
2201,parsing,parsergenerator
2202,parsing,tokenizer
2203,passkeys,passkey
2204,password-store,passwordstore
2205,pepeland,ppl
2206,perceptual-hashing,perceptual-hash
2207,perceptual-hashing,perceptualhash
2208,perceptual-hashing,perceptualhashing
2209,perl,perl-script
2210,perl,perl5
2211,perl,perlscript
2212,pewpew-live,pewpew
2213,pewpew-live,pewpewlive
2214,pharo,pharo-project
2215,pharo,pharo-smalltalk
2216,pharo,pharoproject
2217,pharo,pharosmalltalk
2218,phaser,phaserjs
2219,php,php-1
2220,php,php-5
2221,php,php-52
2222,php,php-53
2223,php,php-54
2224,php,php-56
2225,php,php-6
2226,php,php-7
2227,php,php-71
2228,php,php-72
2229,php,php-74
2230,php,php-8
2231,php,php-81
2232,php,php-82
2233,php,php-83
2234,php,php1
2235,php,php2
2236,php,php4
2237,php,php5
2238,php,php52
2239,php,php53
2240,php,php54
2241,php,php55
2242,php,php56
2243,php,php6
2244,php,php7
2245,php,php71
2246,php,php72
2247,php,php73
2248,php,php74
2249,php,php8
2250,php,php81
2251,php,php82
2252,php,php83
2253,php,php84
2254,php-fusion,php-fusion-cms
2255,php-fusion,php-fusion-infusions
2256,php-fusion,php-fusion-themes
2257,php-fusion,phpfusion
2258,php-fusion,phpfusioncms
2259,php-fusion,phpfusioninfusions
2260,php-fusion,phpfusionthemes
2261,physics,physic
2262,pico-8,pico8
2263,pihole,pi-hole
2264,pihole,pihole
2265,pip,pip-package
2266,pip,pippackage
2267,pip,pypi
2268,pip,pypi-package
2269,pip,pypipackage
2270,pixel-art,pixelart
2271,pixel-vision-8,pixelvision-8
2272,pixel-vision-8,pixelvision8
2273,plaintext-accounting,plain-text-accounting
2274,plaintext-accounting,plaintextaccounting
2275,platform-game,platformer
2276,platform-game,platformgame
2277,platformio,pio
2278,playdate,panic-playdate
2279,playdate,panicplaydate
2280,playdate,playdate-console
2281,playdate,playdateconsole
2282,playdate-sdk,panic-playdate-sdk
2283,playdate-sdk,panicplaydatesdk
2284,playdate-sdk,playdatesdk
2285,pmmp,pmmp-plugin
2286,pmmp,pmmpplugin
2287,pmmp,pocketmine
2288,pmmp,pocketmine-mp
2289,pmmp,pocketmine-mp-plugin
2290,pmmp,pocketmine-plugin
2291,pmmp,pocketmine-plugins
2292,pmmp,pocketminemp
2293,pmmp,pocketminempplugin
2294,pmmp,pocketmineplugin
2295,pmmp,pocketmineplugins
2296,point-and-click,point-n-click
2297,point-and-click,pointandclick
2298,point-and-click,pointnclick
2299,point-cloud,3d-point-clouds
2300,point-cloud,3dpointclouds
2301,point-cloud,pointcloud
2302,point-cloud,pointclouds
2303,ponylang,pony-language
2304,ponylang,ponylanguage
2305,portfolio,career-portfolio
2306,portfolio,careerportfolio
2307,portfolio,personal-website
2308,portfolio,personalwebsite
2309,portfolio,portfolio-template
2310,portfolio,portfolio-website
2311,portfolio,portfoliotemplate
2312,portfolio,portfoliowebsite
2313,post-quantum-cryptography,post-quantum
2314,post-quantum-cryptography,postquantum
2315,post-quantum-cryptography,postquantumcryptography
2316,post-quantum-cryptography,pqc
2317,post-quantum-cryptography,pqcrypto
2318,post-quantum-cryptography,quantum-safe-cryptography
2319,post-quantum-cryptography,quantumsafecryptography
2320,postgresql,pgsql
2321,postgresql,plpgsql
2322,postgresql,postgres
2323,postgresql,psql
2324,pov-ray,povray
2325,powershell,powershell-core
2326,powershell,powershell-script
2327,powershell,powershellcore
2328,powershell,powershellscript
2329,powershell,windows-powershell
2330,powershell,windowspowershell
2331,powertoys,microsoft-powertoys
2332,powertoys,microsoftpowertoys
2333,preact,preact-js
2334,preact,preactjs
2335,prestashop,prestashop-ecommerce
2336,prestashop,prestashop16
2337,prestashop,prestashop17
2338,prestashop,prestashop8
2339,prestashop,prestashopecommerce
2340,prestashop,project-prestashop
2341,prestashop,projectprestashop
2342,prettier,prettier-js
2343,prettier,prettierjs
2344,product-management,pm
2345,product-management,productmanagement
2346,programming,software-programming
2347,programming,softwareprogramming
2348,programming-language,programming-languages
2349,programming-language,programminglanguage
2350,programming-language,programminglanguages
2351,project,projects
2352,project-management,projectmanagement
2353,psr-11,psr11
2354,psr-15,psr15
2355,psr-4,psr4
2356,psr-7,psr7
2357,pubsub,publish-subscribe
2358,pubsub,publish-subscribe-pattern
2359,pubsub,publishsubscribe
2360,pubsub,publishsubscribepattern
2361,pug,jade
2362,pug,pugjs
2363,pulsar,apache-pulsar
2364,pulsar,apachepulsar
2365,purescript,pure-script
2366,puzzle-game,puzzlegame
2367,pwa,progressive-web-app
2368,pwa,progressive-web-apps
2369,pwa,progressivewebapp
2370,pwa,progressivewebapps
2371,pycharm,pycharm-ide
2372,pycharm,pycharmide
2373,python,py
2374,python,python-2
2375,python,python-3
2376,python,python-3-5
2377,python,python-3-6
2378,python,python2
2379,python,python27
2380,python,python3
2381,python,python35
2382,python,python36
2383,qiskit,ibm-qiskit
2384,qiskit,ibmqiskit
2385,qiskit,qiskit-addon
2386,qiskit,qiskit-ibm-sdk
2387,qiskit,qiskit-sdk
2388,qiskit,qiskitaddon
2389,qiskit,qiskitibmsdk
2390,qiskit,qiskitsdk
2391,qrcode,qr-code
2392,qrcode,qrcodes
2393,qt,qt-application
2394,qt,qt-framework
2395,qt,qt5
2396,qt,qt6
2397,qt,qtapplication
2398,qt,qtframework
2399,qt,qtquick
2400,quantum-computing,quantum
2401,quantum-computing,quantum-computer
2402,quantum-computing,quantum-computers
2403,quantum-computing,quantumcomputer
2404,quantum-computing,quantumcomputers
2405,quantum-computing,quantumcomputing
2406,quarkus,quarkus-framework
2407,quarkus,quarkusframework
2408,quarto,quarto-pub
2409,quarto,quartopub
2410,queer,lgbt
2411,queer,lgbtq
2412,quicklook,quicklook-extension
2413,quicklook,quicklook-plugin
2414,quicklook,quicklookextension
2415,quicklook,quicklookplugin
2416,quickshell,qs
2417,quiltmc,minecraft-quilt
2418,quiltmc,minecraft-quilt-mod
2419,quiltmc,minecraftquilt
2420,quiltmc,minecraftquiltmod
2421,quiltmc,quilt
2422,quiltmc,quilt-mod
2423,quiltmc,quiltmc-mod
2424,quiltmc,quiltmcmod
2425,quiltmc,quiltmod
2426,racing-game,racinggame
2427,racing-simulator,racing-simulator-game
2428,racing-simulator,racingsimulator
2429,racing-simulator,racingsimulatorgame
2430,racket,racket-lang
2431,racket,racket-language
2432,racket,racketlang
2433,racket,racketlanguage
2434,racket,racketscript
2435,racket,rkt
2436,racket,urlang
2437,rails,rails-application
2438,rails,rails-tutorial
2439,rails,rails4
2440,rails,rails5
2441,rails,rails6
2442,rails,rails7
2443,rails,railsapplication
2444,rails,railstutorial
2445,rails,ruby-on-rails
2446,rails,rubyonrails
2447,raku,perl6
2448,randomizer,randomizer-mod
2449,randomizer,randomizer-tool
2450,randomizer,randomizermod
2451,randomizer,randomizertool
2452,randomizer,video-game-randomizer
2453,randomizer,videogamerandomizer
2454,raspberry-pi,raspberry-pi-2
2455,raspberry-pi,raspberry-pi-3
2456,raspberry-pi,raspberry-pi-4
2457,raspberry-pi,raspberry-pi-camera
2458,raspberry-pi,raspberrypi
2459,raspberry-pi,raspberrypi2
2460,raspberry-pi,raspberrypi3
2461,raspberry-pi,raspberrypi4
2462,raspberry-pi,raspberrypicamera
2463,raycast-extension,raycastextension
2464,react,react-js
2465,react,reacthook
2466,react,reactjs
2467,react,reactotron
2468,react,reactstrap
2469,react-native,react-native-app
2470,react-native,reactnative
2471,react-native,reactnativeapp
2472,react-router,reactrouter
2473,real-time-strategy,real-time-strategy-game
2474,real-time-strategy,realtimestrategy
2475,real-time-strategy,realtimestrategygame
2476,real-time-strategy,rts
2477,real-time-tactics,real-time-tactics-game
2478,real-time-tactics,realtimetactics
2479,real-time-tactics,realtimetacticsgame
2480,real-time-tactics,rtt
2481,reason,reasonml
2482,red,red-language
2483,red,redlanguage
2484,reddit,reddit-api
2485,reddit,reddit-application
2486,reddit,reddit-bot
2487,reddit,reddit-client
2488,reddit,reddit-clone
2489,reddit,reddit-scraper
2490,reddit,redditapi
2491,reddit,redditapplication
2492,reddit,redditbot
2493,reddit,redditclient
2494,reddit,redditclone
2495,reddit,redditscraper
2496,reddit,subreddit
2497,redis,redis-db
2498,redis,redisdb
2499,reflex-frp,reflexfrp
2500,regular-expression,regex
2501,regular-expression,regexp
2502,regular-expression,regular-expressions
2503,regular-expression,regularexpression
2504,regular-expression,regularexpressions
2505,reinforcement-learning,reinforcementlearning
2506,remarkable-tablet,remarkabletablet
2507,remix-stack,remixstack
2508,replit,repl
2509,replit,replit-ide
2510,replit,replitide
2511,representation-learning,representationlearning
2512,rest-api,rest
2513,rest-api,rest-api-tutorial
2514,rest-api,restapi
2515,rest-api,restapitutorial
2516,rest-api,restful
2517,retro-game,classic-game
2518,retro-game,classic-gaming
2519,retro-game,classicgame
2520,retro-game,classicgaming
2521,retro-game,old-school-game
2522,retro-game,old-school-gaming
2523,retro-game,oldschoolgame
2524,retro-game,oldschoolgaming
2525,retro-game,retro-gaming
2526,retro-game,retrogame
2527,retro-game,retrogaming
2528,reverse-engineering,reverseengineering
2529,rhythm-game,rhythmgame
2530,riot-games,riot-games-api
2531,riot-games,riotgames
2532,riot-games,riotgames-api
2533,riot-games,riotgamesapi
2534,riot-os,riotos
2535,riscos,risc-os
2536,riscv,risc-v
2537,riscv,riscv-core
2538,riscv,riscv-cpu
2539,riscv,riscvcore
2540,riscv,riscvcpu
2541,roblox,roblox-studio
2542,roblox,robloxstudio
2543,robotframework,rbtfrmwrk
2544,robotframework,rf
2545,robotframework,robot-framework
2546,rocket,rocket-api
2547,rocket,rocket-rust
2548,rocket,rocketapi
2549,rocket,rocketrust
2550,roguelike,roguelike-game
2551,roguelike,roguelikegame
2552,roguelite,roguelite-game
2553,roguelite,roguelitegame
2554,role-playing-game,computer-role-playing
2555,role-playing-game,computer-role-playing-game
2556,role-playing-game,computerroleplaying
2557,role-playing-game,computerroleplayinggame
2558,role-playing-game,crpg
2559,role-playing-game,role-playing
2560,role-playing-game,roleplaying
2561,role-playing-game,roleplayinggame
2562,role-playing-game,rpg
2563,rpc,grpc
2564,rpc,remote-procedure-call
2565,rpc,remoteprocedurecall
2566,rss,rfc-4287
2567,rss,rfc4287
2568,runtime-node,distroless-node
2569,runtime-node,distrolessnode
2570,runtime-node,hardened-node
2571,runtime-node,hardenednode
2572,runtime-node,node-runtime
2573,runtime-node,noderuntime
2574,runtime-node,runtimenode
2575,runtime-node,scratch-node
2576,runtime-node,scratchnode
2577,runtime-node,secure-node
2578,runtime-node,securenode
2579,rust,rust-lang
2580,rust,rust-language
2581,rust,rustlang
2582,rust,rustlanguage
2583,saas,software-as-a-service
2584,saas,softwareasaservice
2585,sailfishos,sailfish-os
2586,sandstorm,sandstorm-io
2587,sandstorm,sandstormio
2588,sanitization,sanitize
2589,sanitization,sanitizer
2590,sanitization,sanitizers
2591,sas,sas-programming
2592,sas,sas-studio
2593,sas,sas-viya
2594,sas,sasprogramming
2595,sas,sasstudio
2596,sas,sasviya
2597,sas,viya
2598,sass,libsass
2599,sass,node-sass
2600,sass,nodesass
2601,sass,sass-embedded
2602,sass,sass-framework
2603,sass,sass-library
2604,sass,sass-mixins
2605,sass,sassembedded
2606,sass,sassframework
2607,sass,sasslibrary
2608,sass,sassmixins
2609,sass,scss
2610,sass,scss-framework
2611,sass,scssframework
2612,sauerbraten,cube-2-engine
2613,sauerbraten,cube2engine
2614,sauerbraten,sauerbraten-engine
2615,sauerbraten,sauerbratenengine
2616,scikit,scikits
2617,scikit-learn,scikit-learn
2618,scikit-learn,scikitlearn
2619,scikit-learn,sk-learn
2620,scikit-learn,sklearn
2621,sciter,sciter-sdk
2622,sciter,scitersdk
2623,scpsl-labapi,labapi
2624,scpsl-labapi,scpsllabapi
2625,script,scripts
2626,sdk,software-development-kit
2627,sdk,softwaredevelopmentkit
2628,sdl,libsdl
2629,sdl,sdl2
2630,sdl,sdl3
2631,sdn,software-defined-network
2632,sdn,software-defined-networking
2633,sdn,softwaredefinednetwork
2634,sdn,softwaredefinednetworking
2635,security,antivirus
2636,security,ddos
2637,security,middleman
2638,security,security-audit
2639,security,security-tools
2640,security,security-vulnerability
2641,security,securityaudit
2642,security,securitytools
2643,security,securityvulnerability
2644,selenium,selenium-webdriver
2645,selenium,seleniumwebdriver
2646,self-hosted,self-host
2647,self-hosted,self-hostable
2648,self-hosted,self-hosting
2649,self-hosted,selfhost
2650,self-hosted,selfhostable
2651,self-hosted,selfhosted
2652,self-hosted,selfhosting
2653,semantic-web,semanticweb
2654,seo,search-engine-optimization
2655,seo,searchengineoptimization
2656,serious-engine,croteam-engine
2657,serious-engine,croteamengine
2658,serious-engine,serious-editor
2659,serious-engine,serious-sam-engine
2660,serious-engine,seriouseditor
2661,serious-engine,seriousengine
2662,serious-engine,serioussamengine
2663,server,servers
2664,server-side-rendering,serversiderendering
2665,serverless,serverless-architecture
2666,serverless,serverless-computing
2667,serverless,serverless-examples
2668,serverless,serverlessarchitecture
2669,serverless,serverlesscomputing
2670,serverless,serverlessexamples
2671,service-fabric,azure-service-fabric
2672,service-fabric,azureservicefabric
2673,service-fabric,servicefabric
2674,shadcn-ui,shadcn
2675,shadcn-ui,shadcnui
2676,shadowsocks,ss
2677,shadowsocks,ssr
2678,sharex,share-x
2679,shell,shell-script
2680,shell,shell-scripts
2681,shell,shellcode
2682,shell,shellscript
2683,shell,shellscripts
2684,shizuku,shizuku-android
2685,shizuku,shizuku-app
2686,shizuku,shizukuandroid
2687,shizuku,shizukuapp
2688,shoot-em-up,shmup
2689,shoot-em-up,shoot-em-up-game
2690,shoot-em-up,shootemup
2691,shoot-em-up,shootemupgame
2692,shoot-em-up,stf
2693,shooter,shooter-game
2694,shooter,shootergame
2695,simulation,simulations
2696,simulator,simulator-game
2697,simulator,simulatorgame
2698,sitecore,xdb
2699,sketch,sketch-plugin
2700,sketch,sketchplugin
2701,smoke-tests,smoke-test
2702,smoke-tests,smoketest
2703,smoke-tests,smoketests
2704,social-simulator,social-simulator-game
2705,social-simulator,socialsimulator
2706,social-simulator,socialsimulatorgame
2707,socket-io,socketio
2708,software,software-applications
2709,software,software-programs
2710,software,softwareapplications
2711,software,softwareprograms
2712,software-challenge-germany,softwarechallengegermany
2713,software-engineering,software-design
2714,software-engineering,software-development
2715,software-engineering,softwaredesign
2716,software-engineering,softwaredevelopment
2717,software-engineering,softwareengineering
2718,solidity,solidity-language
2719,solidity,soliditylanguage
2720,soundcloud,soundcloud-api
2721,soundcloud,soundcloud-desktop
2722,soundcloud,soundcloudapi
2723,soundcloud,soundclouddesktop
2724,source-2-engine,source-2
2725,source-2-engine,source2
2726,source-2-engine,source2engine
2727,source-engine,source-1
2728,source-engine,source-2013
2729,source-engine,source-sdk
2730,source-engine,source1
2731,source-engine,source2013
2732,source-engine,sourceengine
2733,source-engine,sourcesdk
2734,southpaw-engine,doom-advance
2735,southpaw-engine,doomadvance
2736,southpaw-engine,duke-nukem-advance
2737,southpaw-engine,dukenukemadvance
2738,southpaw-engine,southpawengine
2739,sovereign-ai,sovereign-artificial-intelligence
2740,sovereign-ai,sovereignai
2741,sovereign-ai,sovereignartificialintelligence
2742,space-flight-simulator,space-flight-simulator-game
2743,space-flight-simulator,spaceflightsimulator
2744,space-flight-simulator,spaceflightsimulatorgame
2745,spacetraders,spacetraders-api
2746,spacetraders,spacetraders-client
2747,spacetraders,spacetraders-gui
2748,spacetraders,spacetraders-v2
2749,spacetraders,spacetradersapi
2750,spacetraders,spacetradersclient
2751,spacetraders,spacetradersgui
2752,spacetraders,spacetradersv2
2753,spacevim,space-vim
2754,spark,apache-spark
2755,spark,apachespark
2756,sports,sport
2757,sports-game,sportsgame
2758,spotify,spotify-playlist
2759,spotify,spotifyplaylist
2760,spreadsheet,spreadsheets
2761,spring,spring-boot
2762,spring,spring-framework
2763,spring,springcloud
2764,spring,springframework
2765,spring-boot,springboot
2766,spring-mvc,spring-webmvc
2767,spring-mvc,springmvc
2768,spring-mvc,springwebmvc
2769,sql,alchemy-sql
2770,sql,t-sql
2771,sql,tsql
2772,sql-server,microsoft-sql-server
2773,sql-server,microsoftsqlserver
2774,sql-server,ms-sql-server
2775,sql-server,mssql
2776,sql-server,mssql-database
2777,sql-server,mssqldatabase
2778,sql-server,mssqlserver
2779,sql-server,sqlserver
2780,squeak,squeak-smalltalk
2781,squeak,squeaksmalltalk
2782,squirrel-lang,alberto-demichelis
2783,squirrel-lang,albertodemichelis
2784,squirrel-lang,squirrellang
2785,sre,site-reliability-engineering
2786,sre,sitereliabilityengineering
2787,ss13,space-station-13
2788,ss13,spacestation13
2789,sso,single-sign-on
2790,sso,singlesignon
2791,stackoverflow,stack-overflow
2792,stackoverflow,stackoverflow-answer
2793,stackoverflow,stackoverflow-questions
2794,stackoverflow,stackoverflowanswer
2795,stackoverflow,stackoverflowquestions
2796,stackql,infraql
2797,standard-ml,sml
2798,standard-ml,standardml
2799,stata,stata-command
2800,stata,stata-package
2801,stata,stata-packages
2802,stata,statacommand
2803,stata,statapackage
2804,stata,statapackages
2805,static-code-analysis,static-program-analysis
2806,static-code-analysis,staticcodeanalysis
2807,static-code-analysis,staticprogramanalysis
2808,stealth-game,sneak-em-up
2809,stealth-game,sneakemup
2810,stealth-game,stealth
2811,stealth-game,stealthgame
2812,stem,stem-education
2813,stem,stemeducation
2814,stimulus,stimulus-controller
2815,stimulus,stimulus-controllers
2816,stimulus,stimulus-js
2817,stimulus,stimuluscontroller
2818,stimulus,stimuluscontrollers
2819,stimulus,stimulusjs
2820,storybook,storybooks
2821,strategy-game,strategy
2822,strategy-game,strategygame
2823,styled-components,styledcomponents
2824,sublime-text,sublime
2825,sublime-text,sublime-text-3
2826,sublime-text,sublimetext
2827,sublime-text,sublimetext3
2828,suckless,suckless-org
2829,suckless,sucklessorg
2830,supabase,supabase-js
2831,supabase,supabasejs
2832,support,helpdesk
2833,support,ticketing
2834,survival,survival-game
2835,survival,survivalgame
2836,survival-horror,survival-horror-game
2837,survival-horror,survivalhorror
2838,survival-horror,survivalhorrorgame
2839,svelte,svelte3
2840,svelte,sveltejs
2841,swift,swift-3
2842,swift,swift-4
2843,swift,swift-language
2844,swift,swift3
2845,swift,swift4
2846,swift,swiftlanguage
2847,swift-vapor,swiftvapor
2848,swing,java-swing
2849,swing,javaswing
2850,symfony,symfony-bundle
2851,symfony,symfony-component
2852,symfony,symfony2
2853,symfony,symfony3
2854,symfony,symfonybundle
2855,symfony,symfonycomponent
2856,syntax-highlighting,syntaxhighlighting
2857,synthetic-biology,synbio
2858,synthetic-biology,syntheticbiology
2859,t3-stack,t3
2860,t3-stack,t3stack
2861,tactical-role-playing,tactical-role-playing-game
2862,tactical-role-playing,tacticalroleplaying
2863,tactical-role-playing,tacticalroleplayinggame
2864,tactical-role-playing,trpg
2865,tactical-shooter,tactical-shooter-game
2866,tactical-shooter,tacticalshooter
2867,tactical-shooter,tacticalshootergame
2868,tads,text-adventure-development-system
2869,tads,textadventuredevelopmentsystem
2870,tailwind,tailwind-css
2871,tailwind,tailwind-scaffolding
2872,tailwind,tailwindcss
2873,tailwind,tailwindscaffolding
2874,tas,tool-assisted-speedrun
2875,tas,toolassistedspeedrun
2876,taskfile,taskfiles
2877,tdd,test-driven-development
2878,tdd,testdrivendevelopment
2879,teamfight-tactics,teamfighttactics
2880,telegram,telegram-api
2881,telegram,telegram-bot
2882,telegram,telegram-client
2883,telegram,telegramapi
2884,telegram,telegrambot
2885,telegram,telegramclient
2886,tensorflow,tensorflow-1-0
2887,tensorflow,tensorflow-examples
2888,tensorflow,tensorflow-experiments
2889,tensorflow,tensorflow-models
2890,tensorflow,tensorflow-tutorial
2891,tensorflow,tensorflow-tutorials
2892,tensorflow,tensorflow10
2893,tensorflow,tensorflowexamples
2894,tensorflow,tensorflowexperiments
2895,tensorflow,tensorflowmodels
2896,tensorflow,tensorflowtutorial
2897,tensorflow,tensorflowtutorials
2898,terminal,command-prompt
2899,terminal,commandprompt
2900,terminal,computer-terminal
2901,terminal,computerterminal
2902,termux,termux-app
2903,termux,termuxapp
2904,terraform,hashicorp-terraform
2905,terraform,hashicorpterraform
2906,terraform,terraform-configurations
2907,terraform,terraform-module
2908,terraform,terraform-modules
2909,terraform,terraform-providers
2910,terraform,terraformconfigurations
2911,terraform,terraformmodule
2912,terraform,terraformmodules
2913,terraform,terraformproviders
2914,test-automation,automated-testing
2915,test-automation,automated-tests
2916,test-automation,automatedtesting
2917,test-automation,automatedtests
2918,test-automation,testautomation
2919,test-automation,testing-automation
2920,test-automation,testingautomation
2921,testing,mockito
2922,testing,tdd
2923,testing,test
2924,testing,testing
2925,testing,testing-framework
2926,testing,testing-practices
2927,testing,testing-tools
2928,testing,testingframework
2929,testing,testingpractices
2930,testing,testingtools
2931,text-adventure,text-adventure-game
2932,text-adventure,text-based
2933,text-adventure,text-based-game
2934,text-adventure,text-game
2935,text-adventure,textadventure
2936,text-adventure,textadventuregame
2937,text-adventure,textbased
2938,text-adventure,textbasedgame
2939,text-adventure,textgame
2940,thedreamlab,dreamlab
2941,thelounge,thelounge-theme
2942,thelounge,theloungetheme
2943,third-person-shooter,3rd-person-shooter
2944,third-person-shooter,3rd-person-shooter-game
2945,third-person-shooter,3rdpersonshooter
2946,third-person-shooter,3rdpersonshootergame
2947,third-person-shooter,third-person-shooter-game
2948,third-person-shooter,thirdpersonshooter
2949,third-person-shooter,thirdpersonshootergame
2950,threejs,three-js
2951,tic-80,tic80
2952,tiktok,tik-tok
2953,time-management-game,time-management
2954,time-management-game,timemanagement
2955,time-management-game,timemanagementgame
2956,tldr,tldr-pages
2957,tldr,tldrpages
2958,tls,ssl
2959,todo,task-manager
2960,todo,taskmanager
2961,todo,to-do
2962,todo,todo-list
2963,todo,todolist
2964,toit,toit-language
2965,toit,toitlanguage
2966,tool,tools
2967,tower-defense,tower-defence
2968,tower-defense,tower-defence-game
2969,tower-defense,tower-defense-game
2970,tower-defense,towerdefence
2971,tower-defense,towerdefencegame
2972,tower-defense,towerdefense
2973,tower-defense,towerdefensegame
2974,tree-sitter,treesitter
2975,turn-based,turn-based-game
2976,turn-based,turnbased
2977,turn-based,turnbasedgame
2978,turn-based-strategy,turn-based-strategy-game
2979,turn-based-strategy,turnbasedstrategy
2980,turn-based-strategy,turnbasedstrategygame
2981,turn-based-tactics,tactical-turn-based
2982,turn-based-tactics,tactical-turn-based-game
2983,turn-based-tactics,tacticalturnbased
2984,turn-based-tactics,tacticalturnbasedgame
2985,turn-based-tactics,tbt
2986,turn-based-tactics,turn-based-tactics-game
2987,turn-based-tactics,turnbasedtactics
2988,turn-based-tactics,turnbasedtacticsgame
2989,tutorial,beginner
2990,tutorial,coursera
2991,tutorial,education
2992,tutorial,educational
2993,tutorial,fastai
2994,tutorial,interview
2995,tutorial,quickstart
2996,tutorial,solution
2997,tutorial,study
2998,tutorial,workshop
2999,twitch,twitch-api
3000,twitch,twitch-bot
3001,twitch,twitch-chat
3002,twitch,twitch-extensions
3003,twitch,twitch-helix
3004,twitch,twitch-irc
3005,twitch,twitch-kraken
3006,twitch,twitch-pubsub
3007,twitch,twitch-tv
3008,twitch,twitchapi
3009,twitch,twitchbot
3010,twitch,twitchchat
3011,twitch,twitchdev
3012,twitch,twitchextensions
3013,twitch,twitchhelix
3014,twitch,twitchirc
3015,twitch,twitchkraken
3016,twitch,twitchpubsub
3017,twitch,twitchtv
3018,typescript,typescript2
3019,typst,typst-canvas
3020,typst,typst-cv
3021,typst,typst-package
3022,typst,typst-plugin
3023,typst,typst-template
3024,typst,typstcanvas
3025,typst,typstcv
3026,typst,typstpackage
3027,typst,typstplugin
3028,typst,typsttemplate
3029,ubuntu,edubuntu
3030,ubuntu,kubuntu
3031,ubuntu,lubuntu
3032,ubuntu,ubuntu-core
3033,ubuntu,ubuntu1204
3034,ubuntu,ubuntu1404
3035,ubuntu,ubuntu1604
3036,ubuntu,ubuntu1704
3037,ubuntu,ubuntucore
3038,ubuntu,xubuntu
3039,ui,uikit
3040,ui,user-interface
3041,ui,userinterface
3042,ui-design,uidesign
3043,ui-design,user-interface-design
3044,ui-design,userinterfacedesign
3045,ukagaka,nanika
3046,umbraco,umbraco-backoffice
3047,umbraco,umbraco-cms
3048,umbraco,umbraco-v10
3049,umbraco,umbraco-v7
3050,umbraco,umbraco-v8
3051,umbraco,umbraco-v9
3052,umbraco,umbracobackoffice
3053,umbraco,umbracocms
3054,umbraco,umbracov10
3055,umbraco,umbracov7
3056,umbraco,umbracov8
3057,umbraco,umbracov9
3058,undertale,under-tale
3059,unigine,unigine-engine
3060,unigine,unigineengine
3061,unit-testing,unit-tests
3062,unit-testing,unittesting
3063,unit-testing,unittests
3064,unity,unity-development
3065,unity,unity-editor
3066,unity,unity-game-engine
3067,unity,unity-package-manager
3068,unity,unity-plugin
3069,unity,unity-script
3070,unity,unity-scripts
3071,unity,unity3d
3072,unity,unity3d-development
3073,unity,unity3d-editor
3074,unity,unity3d-plugin
3075,unity,unity3d-script
3076,unity,unity3d-scripts
3077,unity,unity3ddevelopment
3078,unity,unity3deditor
3079,unity,unity3dplugin
3080,unity,unity3dscript
3081,unity,unity3dscripts
3082,unity,unitydevelopment
3083,unity,unityeditor
3084,unity,unitygameengine
3085,unity,unitypackagemanager
3086,unity,unityplugin
3087,unity,unityscript
3088,unity,unityscripts
3089,unity,upm-package
3090,unity,upmpackage
3091,university-of-texas-arlington,universityoftexasarlington
3092,university-of-texas-arlington,ut-arlington
3093,university-of-texas-arlington,uta
3094,university-of-texas-arlington,utarlington
3095,unix,unix-os
3096,unix,unix-system
3097,unix,unixos
3098,unix,unixsystem
3099,unreal-engine,ue4
3100,unreal-engine,unreal-engine-4
3101,unreal-engine,unrealengine
3102,unreal-engine,unrealengine4
3103,unrealscript,unreal-script
3104,uri-template,rfc-6570
3105,uri-template,rfc6570
3106,uri-template,uri-templates
3107,uri-template,uritemplate
3108,uri-template,uritemplates
3109,userscript,greasemonkey
3110,userscript,tampermonkey
3111,userscript,userjs
3112,userscript,violentmonkey
3113,uwp,universal-windows-platform
3114,uwp,universalwindowsplatform
3115,ux,user-experience
3116,ux,user-experience-design
3117,ux,userexperience
3118,ux,userexperiencedesign
3119,ux,ux-design
3120,ux,uxdesign
3121,v,v-lang
3122,v,v-language
3123,v,vlang
3124,v,vlanguage
3125,vae,variational-autoencoder
3126,vae,variationalautoencoder
3127,valorant,valorant-api
3128,valorant,valorant-skins
3129,valorant,valorant-stats
3130,valorant,valorant-video-game
3131,valorant,valorantapi
3132,valorant,valorantskins
3133,valorant,valorantstats
3134,valorant,valorantvideogame
3135,vanilla-js,vanilla-javascript
3136,vanilla-js,vanillajavascript
3137,vanilla-js,vanillajs
3138,vba,vba-macros
3139,vba,vba7
3140,vba,vbamacros
3141,vba,visual-basic-for-applications
3142,vba,visualbasicforapplications
3143,vehicle-simulator,vehicle-sim
3144,vehicle-simulator,vehicle-simulator-game
3145,vehicle-simulator,vehiclesim
3146,vehicle-simulator,vehiclesimulator
3147,vehicle-simulator,vehiclesimulatorgame
3148,vehicular-combat,vehicular-combat-game
3149,vehicular-combat,vehicularcombat
3150,vehicular-combat,vehicularcombatgame
3151,verilog,hardware-description-language
3152,verilog,hardwaredescriptionlanguage
3153,verilog,hdl
3154,vertx,vert-x
3155,vibe-coding,vibecoding
3156,video,mp4
3157,video,videos
3158,virtual-reality,virtual-reality-experiences
3159,virtual-reality,virtual-reality-worlds
3160,virtual-reality,virtualreality
3161,virtual-reality,virtualrealityexperiences
3162,virtual-reality,virtualrealityworlds
3163,virtual-reality,vr
3164,visionos,visionos-app
3165,visionos,visionos-swift
3166,visionos,visionos1
3167,visionos,visionos2
3168,visionos,visionosapp
3169,visionos,visionosswift
3170,visionos,xros
3171,visual-basic,vb
3172,visual-basic,vb-net
3173,visual-basic,vbnet
3174,visual-basic,visualbasic
3175,visual-novel,visualnovel
3176,visual-studio,visualstudio
3177,visual-studio,vs
3178,visual-studio-code,visualstudiocode
3179,visual-studio-code,vscode
3180,vite,vitejs
3181,viur,viur-framework
3182,viur,viurframework
3183,vk,vk-api
3184,vk,vkapi
3185,vk,vkontakte
3186,vk,vkontakte-api
3187,vk,vkontakteapi
3188,vm-box,virtualbox
3189,vm-box,vm-virtualbox
3190,vm-box,vmbox
3191,vm-box,vmvirtualbox
3192,vpn,virtual-private-network
3193,vpn,virtualprivatenetwork
3194,vr-game,virtual-reality-game
3195,vr-game,virtualrealitygame
3196,vr-game,vrgame
3197,vscode-extension,vscodeextension
3198,vue,vue2
3199,vue,vue3
3200,vue,vuejs
3201,vue,vuejs2
3202,vue,vuejs3
3203,vue,vuex
3204,vut,brno-university-of-technology
3205,vut,brnouniversityoftechnology
3206,vut,vutbr
3207,wagtail,wagtail-cms
3208,wagtail,wagtailcms
3209,wargame,war-game
3210,wayland,wayland-client
3211,wayland,wayland-compositor
3212,wayland,wayland-protocol
3213,wayland,waylandclient
3214,wayland,waylandcompositor
3215,wayland,waylandprotocol
3216,web,world-wide-web
3217,web,worldwideweb
3218,web,www
3219,web-accessibility,a11y
3220,web-accessibility,accessibility
3221,web-accessibility,webaccessibility
3222,web-assembly,wasm
3223,web-assembly,webassembly
3224,web-components,web-component
3225,web-components,webcomponent
3226,web-components,webcomponents
3227,web-monetization,ilp
3228,web-monetization,interledger
3229,web-monetization,webmonetization
3230,web-of-things,webofthings
3231,web-of-things,wot
3232,webapp,web-app
3233,webapp,web-application
3234,webapp,webapplication
3235,webapp,webapps
3236,webextension,browserext
3237,webextension,web-extension
3238,webextension,web-extensions
3239,webextension,webextensions
3240,webpack,webpack2
3241,webpack,webpack3
3242,websocket,websockets
3243,websocket,ws
3244,wechat,weixin
3245,whatsapp,whatsapp-bot
3246,whatsapp,whatsapp-chat
3247,whatsapp,whatsapp-web
3248,whatsapp,whatsappbot
3249,whatsapp,whatsappchat
3250,whatsapp,whatsappweb
3251,whistleblowing,whistleblowing-app
3252,whistleblowing,whistleblowing-software
3253,whistleblowing,whistleblowing-tool
3254,whistleblowing,whistleblowingapp
3255,whistleblowing,whistleblowingsoftware
3256,whistleblowing,whistleblowingtool
3257,wiiconnect24,wc24
3258,wiki,wikis
3259,wikipedia,wikibooks
3260,wikipedia,wikifunctions
3261,wikipedia,wikimedia
3262,wikipedia,wikimedia-commons
3263,wikipedia,wikimediacommons
3264,wikipedia,wikinews
3265,wikipedia,wikiproject
3266,wikipedia,wikiquote
3267,wikipedia,wikisource
3268,wikipedia,wikispecies
3269,wikipedia,wikiversity
3270,wikipedia,wikivoyage
3271,wikipedia,wiktionary
3272,windows,windows
3273,windows,windows-10
3274,windows,windows-11
3275,windows,windows-7
3276,windows,windows-8
3277,windows,windows10
3278,windows,windows11
3279,windows,windows7
3280,windows,windows8
3281,windows-subsystem-for-android,windowssubsystemforandroid
3282,windows-subsystem-for-android,wsa
3283,winforms,windows-forms
3284,winforms,windowsforms
3285,winui,winui2
3286,winui,winui3
3287,woodpeckerci,woodpecker-ci
3288,wordpress,woocommerce
3289,wordpress,wordpress-development
3290,wordpress,wordpress-site
3291,wordpress,wordpressdevelopment
3292,wordpress,wordpresssite
3293,world-models,worldmodels
3294,wow,classic-wow
3295,wow,classicwow
3296,wow,retail-wow
3297,wow,retailwow
3298,wow,world-of-warcraft
3299,wow,worldofwarcraft
3300,wow,wow-classic
3301,wow,wow-retail
3302,wow,wowclassic
3303,wow,wowretail
3304,wpf,windows-presentation-foundation
3305,wpf,windowspresentationfoundation
3306,wsl,windows-subsystem-linux
3307,wsl,windowssubsystemlinux
3308,xampp,xampp-control-panel
3309,xampp,xampp-server
3310,xampp,xamppcontrolpanel
3311,xampp,xamppserver
3312,xcode,xcode-theme
3313,xcode,xcode-themes
3314,xcode,xcodetheme
3315,xcode,xcodethemes
3316,xsoar,demisto
3317,yaml,yml
3318,yarn,yarkpkg
3319,yarn,yarn-package
3320,yarn,yarn-packages
3321,yarn,yarn2
3322,yarn,yarnpackage
3323,yarn,yarnpackages
3324,yii,yii-framework
3325,yii,yii2
3326,yii,yii2-extension
3327,yii,yii2-framework
3328,yii,yii2extension
3329,yii,yii2framework
3330,yii,yiiframework
3331,ynab,youneedabudget
3332,yourls,yourls-client
3333,yourls,yourls-extension
3334,yourls,yourls-plugin
3335,yourls,yourls-translation
3336,yourls,yourlsclient
3337,yourls,yourlsextension
3338,yourls,yourlsplugin
3339,yourls,yourlstranslation
3340,youtube,youtube-channel
3341,youtube,youtube-search
3342,youtube,youtube-video
3343,youtube,youtubechannel
3344,youtube,youtubesearch
3345,youtube,youtubevideo
3346,yugioh,yu-gi-oh
3347,z-machine,zmachine
3348,zenscript,zen-script
3349,zephyr-rtos,zephyr
3350,zephyr-rtos,zephyros
3351,zephyr-rtos,zephyrrtos
3352,zeplin,zem
3353,zeplin,zeplin-extension
3354,zeplin,zeplinextension
3355,zeronet,zeroframe
3356,zeronet,zite
3357,zig,zig-lang
3358,zig,zig-language
3359,zig,ziglang
3360,zig,ziglanguage
3361,zip,gizp
3362,zkp,zero-knowledge-proofs
3363,zkp,zeroknowledgeproofs
3364,zkp,zkproof
3365,zkp,zkps
3366,zsh,zshell
3367,zx-spectrum,sinclair
3368,zx-spectrum,sinclair-spectrum
3369,zx-spectrum,sinclairspectrum
3370,zx-spectrum,speccy
3371,zx-spectrum,spectrum
3372,zx-spectrum,spectrum-zx
3373,zx-spectrum,spectrumzx
3374,zx-spectrum,zxspectrum
