1,0,-1
2,0-0,-1
3,0-rtt,real-time-tactics
4,0rtt,real-time-tactics
5,0x,-1
6,0x4447,-1
7,1,-1
8,1-10-2,-1
9,1-12-2,-1
10,1-13,-1
11,1-13-1,-1
12,1-13-2,-1
13,1-14,-1
14,1-14-1,-1
15,1-14-2,-1
16,1-14-3,-1
17,1-14-4,-1
18,1-2-1,-1
19,1-3-2,-1
20,1-8,-1
21,1-apple,apple
22,1-d,-1
23,10,-1
24,10-009,-1
25,10-12,-1
26,10-12-4,-1
27,10-12-5,-1
28,10-12-6,-1
29,10-13,-1
30,10-weeks-of-code,-1
31,100,-1
32,100-days-of-code,tutorial
33,100daysofmlcode,tutorial
34,101,-1
35,1010,-1
36,1024,-1
37,104,-1
38,104hackathon,hackathon
39,1060,-1
40,1070,-1
41,1078,-1
42,1080,-1
43,10cs,computer-science
44,11,-1
45,11-411,-1
46,111,-1
47,1111,-1
48,11200,-1
49,1130,-1
50,11302,-1
51,11411,-1
52,11ty,eleventy
53,12,-1
54,1200,-1
55,123,-1
56,12306,-1
57,12312312312,-1
58,128,-1
59,12c,c
60,13,-1
61,13-d,d
62,1306,-1
63,1337,-1
64,13c,c
65,14,-1
66,140,-1
67,1418471,-1
68,14229,-1
69,14289,-1
70,14496-12,-1
71,14496-14,-1
72,15,-1
73,15-719,-1
74,1500,-1
75,151,-1
76,15213,-1
77,1541,-1
78,15527417189,-1
79,15765,-1
80,16,-1
81,1602,-1
82,1610,-1
83,1611,-1
84,16172,-1
85,163,-1
86,1637,-1
87,1638,-1
88,16759,-1
89,1678,-1
90,1688,-1
91,1689,-1
92,16s,-1
93,17,-1
94,170,-1
95,1752,-1
96,1793907272,-1
97,18,-1
98,180-video,video
99,1800,-1
100,1801,-1
101,1802,-1
102,1803,-1
103,1804,-1
104,1806,-1
105,1809,-1
106,183,-1
107,18650,-1
108,18c,c
109,19,-1
110,1900,-1
111,1901,-1
112,1903,-1
113,1904,-1
114,1909,-1
115,19115,-1
116,191210910,-1
117,19139,-1
118,1935,-1
119,1952,-1
120,1970,-1
121,1979,-1
122,1983,-1
123,1989,-1
124,1994,-1
125,1995,-1
126,1996,-1
127,1997,-1
128,1998,-1
129,1999,-1
130,19c,c
131,1api,api
132,1c,-1
133,1c-app,app
134,1cd,cd
135,1code,code
136,1d,d
137,1ml,machine-learning
138,1script,script
139,1swift,swift
140,1vs1,visual-studio
141,1wei-xin,wechat
142,2,-1
143,20,-1
144,20-20-20,-1
145,2000,-1
146,2001,-1
147,2005,-1
148,2007,-1
149,2008,-1
150,2009,-1
151,2010,-1
152,2011,-1
153,2012,-1
154,2012-4869,-1
155,2012r2,r
156,2013,-1
157,2014,-1
158,2014-5301,-1
159,2015,-1
160,2016,-1
161,2016-10033,-1
162,2016-17,-1
163,2017,-1
164,2017-18,-1
165,2017-2018,-1
166,2018,-1
167,2018-02-07,-1
168,2018-04-24,-1
169,2018-08-11,-1
170,2018-19,-1
171,201814836,-1
172,2019,-1
173,2019-0708,-1
174,2019-20,-1
175,2020,-1
176,2021,-1
177,20400,-1
178,2048,-1
179,2048-ai,ai
180,2048-elm,elm
181,2107,-1
182,211,-1
183,2169,-1
184,2233,-1
185,2260,-1
186,23,-1
187,230,-1
188,230v,v
189,236,-1
190,236610,-1
191,237549582,-1
192,23andme,-1
193,24,-1
194,240,-1
195,241584,-1
196,2417,-1
197,243,-1
198,24c01,c
199,24c02,c
200,24c04,c
201,24c08,c
202,24c16,c
203,24c32,c
204,24c64,c
205,24projects,project
206,25,-1
207,250,-1
208,25120,-1
209,2518,-1
210,256,-1
211,25d,d
212,2600,-1
213,261,-1
214,270,-1
215,271,-1
216,27256,-1
217,27512,-1
218,27c256,c
219,27c32,c
220,27c322,c
221,27c512,c
222,280,-1
223,28181,-1
224,28874,-1
225,28c256,c
226,28c64,c
227,29c256,c
228,2c2p,-1
229,2ch,-1
230,2gis,gis
231,2gitlab,gitlab
232,2pc,-1
233,3,-1
234,3-6-1,-1
235,3-d,d
236,30,-1
237,3000,-1
238,30005,-1
239,301,-1
240,302,-1
241,303,-1
242,30300,-1
243,304,-1
244,307,-1
245,308,-1
246,311,-1
247,311-data,data
248,312-50,-1
249,317,-1
250,31c3,c
251,32,-1
252,32000,-1
253,32100,-1
254,3270,-1
255,32960,-1
256,32c3,c
257,33,-1
258,3301,-1
259,333,-1
260,337,-1
261,33c3,c
262,34,-1
263,3461as,assemblyscript
264,34c3,-1
265,3516,-1
266,3519,-1
267,3536,-1
268,3543,-1
269,3559,-1
270,3561,-1
271,35845,-1
272,35c3,-1
273,360,-1
274,360-photo,image
275,360-video,video
276,360photo,image
277,360video,video
278,365,-1
279,3695,-1
280,3710,-1
281,376,-1
282,38,-1
283,38147,-1
284,386,-1
285,3950,-1
286,3ai,ai
287,3c,c
288,3d,3d
289,3d-animation,3d
290,3d-cad,3d
291,3d-graphics,3d
292,3d-modeling,3d
293,3d-models,3d
294,3d-point-clouds,point-cloud
295,3d-pose-estimation,-2
296,3d-printing,3d
297,3d-rendering,3d
298,3d20,d
299,3danimation,3d
300,3dcad,3d
301,3des,-1
302,3dgraphics,3d
303,3djs,discord-js
304,3dmodeling,3d
305,3dmodels,3d
306,3dpointclouds,point-cloud
307,3dprinting,3d
308,3drendering,3d
309,3ds,3d
310,3ds-custom-firmware,3ds-homebrew
311,3ds-homebrew,-2
312,3dscustomfirmware,3ds-homebrew
313,3dshomebrew,3ds-homebrew
314,3g,-1
315,3js,javascript
316,3ot,-1
317,3rd-party,-1
318,3rd-person-shooter,third-person-shooter
319,3rd-person-shooter-game,third-person-shooter
320,3rdpersonshooter,third-person-shooter
321,3rdpersonshootergame,third-person-shooter
322,4,-1
323,4-12-7,-1
324,4-arduino,arduino
325,40,-1
326,401,-1
327,4010,-1
328,4013,-1
329,4014,-1
330,40300,-1
331,4035720,-1
332,404,-1
333,405,-1
334,408,-1
335,4081,-1
336,41,-1
337,4146,-1
338,418,-1
339,42,-1
340,420,-1
341,42api,api
342,42born2code,-1
343,42projects,project
344,4326,-1
345,433,-1
346,44,-1
347,4461,-1
348,44780,-1
349,46,-1
350,47,-1
351,486,-1
352,488,-1
353,492,-1
354,4a-tools,tool
355,4c,c
356,4clojure,clojure
357,4d-component,-2
358,4dcomponent,4d-component
359,4gb,gameboy
360,4k,-1
361,4linux,linux
362,4php,php
363,4x,-2
364,4x-game,4x
365,4x-strategy-game,strategy-game
366,4xgame,4x
367,5,-1
368,50,-1
369,500,-1
370,5000,-1
371,500px,-1
372,501,-1
373,5010,-1
374,501c3,-1
375,50200,-1
376,50210,-1
377,503,-1
378,50400,-1
379,5050,-1
380,508,-1
381,5110,-1
382,518,-1
383,5183,-1
384,5190,-1
385,51mcu,microcontroller
386,520,-1
387,5229,-1
388,52832,-1
389,530-tools,tool
390,5370,-1
391,538,-1
392,545,-1
393,5470,-1
394,54fz,-1
395,552,-1
396,56,-1
397,564,-1
398,5651,-1
399,57,-1
400,575,-1
401,5800,-1
402,5827,-1
403,5ch,-1
404,5d,d
405,5e,-1
406,5g,5g
407,5g-nr,5g
408,5gc,5g
409,5gnr,5g
410,5zig,zig
411,6,-1
412,6-824,-1
413,60,-1
414,6006,-1
415,6036,-1
416,6044,-1
417,6046,-1
418,60870,-1
419,60870-5-101,-1
420,60870-5-104,-1
421,60fps,first-person-shooter
422,616,-1
423,617,-1
424,61850,-1
425,621,-1
426,6301,-1
427,6309,-1
428,6309-assembly,assembly
429,6346,-1
430,64,-1
431,650,-1
432,6502,-1
433,6502-assembly,assembly
434,6510,-1
435,65802,-1
436,6581,-1
437,65816,-1
438,65816-assembler,assembly
439,65816-assembly,assembly
440,65c02,c
441,65c816,c
442,666,-1
443,67,-1
444,675,-1
445,6800,-1
446,68000,motorola-68000
447,68000-family,motorola-68000
448,68000-processor,motorola-68000
449,68000-series,motorola-68000
450,68000family,motorola-68000
451,68000processor,motorola-68000
452,68000series,motorola-68000
453,68008,-1
454,68030,-1
455,6809,-1
456,6809-assembly,assembly
457,6824,-1
458,68332,-1
459,68k,motorola-68000
460,68k-assembly,assembly
461,690,-1
462,6d,d
463,7,-1
464,7-11,-1
465,7-zip,zip
466,70-480,-1
467,70-535,-1
468,701,-1
469,705,-1
470,7210,-1
471,7270,-1
472,72832,-1
473,737-800,-1
474,7396,-1
475,7400,-1
476,74141,-1
477,75,-1
478,750,-1
479,7506,-1
480,7507,-1
481,7560,-1
482,76,-1
483,7750,-1
484,7816,-1
485,7daystodie,-1
486,7drl,-1
487,7z,zip
488,7zip,zip
489,8,-1
490,8-0,-1
491,8-0-17,-1
492,80,-1
493,800,-1
494,800-56c,c
495,8008,-1
496,80186,-1
497,802-11,-1
498,802-15-4,-1
499,802-1d,d
500,802-3,-1
501,80211,-1
502,802154,-1
503,80286,-1
504,80386,-1
505,8048,-1
506,80486,-1
507,8051,-1
508,8051-projects,project
509,808,-1
510,8080,-1
511,8085,-1
512,8085-simulator,simulator
513,8085simulator,simulator
514,8086,-1
515,8086-emulator,emulator
516,8088,-1
517,809,-1
518,80960,-1
519,81,-1
520,8100,-1
521,8188,-1
522,8192,-1
523,8266,-1
524,834,-1
525,835,-1
526,837,-1
527,8383,-1
528,8400,-1
529,85,-1
530,850,-1
531,8502,-1
532,856,-1
533,8580,-1
534,8583,-1
535,8601,-1
536,8633,-1
537,868mhz,-1
538,870-5-102,-1
539,88,-1
540,8813,-1
541,88250,-1
542,888sport,sports
543,8955,-1
544,89c51,c
545,8puzzle-game,puzzle-game
546,9,-1
547,9-11,-1
548,907,-1
549,909,-1
550,91,-1
551,91160,-1
552,912,-1
553,9160,-1
554,9343,-1
555,9360,-1
556,9370,-1
557,94360,-1
558,9570,-1
559,9597,-1
560,960,-1
561,9600k,-1
562,970,-1
563,9700,-1
564,980,-1
565,99,-1
566,996,-1
567,9966,-1
568,997,-1
569,999,-1
570,9anime,anime
571,9p,-1
572,a11y,web-accessibility
573,abap2ui5,-2
574,actions2,actions
575,actionscript3,actionscript
576,ad9361,-1
577,ada-2012,ada
578,ada2012,ada
579,ada95,ada
580,advent-of-code-2015,advent-of-code
581,advent-of-code-2016,advent-of-code
582,advent-of-code-2017,advent-of-code
583,advent-of-code-2018,advent-of-code
584,advent-of-code-2019,advent-of-code
585,advent-of-code-2020,advent-of-code
586,advent-of-code-2021,advent-of-code
587,advent-of-code-2022,advent-of-code
588,advent-of-code-2023,advent-of-code
589,advent-of-code-2024,advent-of-code
590,advent-of-code-2025,advent-of-code
591,adventofcode2015,advent-of-code
592,adventofcode2016,advent-of-code
593,adventofcode2017,advent-of-code
594,adventofcode2018,advent-of-code
595,adventofcode2019,advent-of-code
596,adventofcode2020,advent-of-code
597,adventofcode2021,advent-of-code
598,adventofcode2022,advent-of-code
599,adventofcode2023,advent-of-code
600,adventofcode2024,advent-of-code
601,adventofcode2025,advent-of-code
602,adventurex2025,-2
603,adventurex2026,-2
604,ai2,ai
605,ai4science,ai-for-science
606,android-10,android
607,android-14,android
608,android-25,android
609,android-8,android
610,android-studio-3,android-studio
611,android10,android
612,android254,android
613,android6,android
614,androidstudio3,android-studio
615,androidstudio4,android-studio
616,angular-1,angular
617,angular-2,angular
618,angular-4,angular
619,angular-5,angular
620,angular-6,angular
621,angular-7,angular
622,angular-8,angular
623,angular-cli6,angular-cli
624,angular1,angular
625,angular1-5,angular
626,angular2,angular
627,angular2-cli,angular-cli
628,angular3,angular
629,angular4,angular
630,angular5,angular
631,angular6,angular
632,angular7,angular
633,angular8,angular
634,angular9,angular
635,angularcli6,angular-cli
636,angularjs1,angular
637,angularjs2,angular
638,angularjs4,angular
639,angularjs6,angular
640,anime1,anime
641,anime365,anime
642,anki21,anki
643,ansible-2,ansible
644,antlr3,antlr
645,antlr4,antlr
646,aoc-2015,advent-of-code
647,aoc-2016,advent-of-code
648,aoc-2017,advent-of-code
649,aoc-2018,advent-of-code
650,aoc-2019,advent-of-code
651,aoc-2020,advent-of-code
652,aoc-2021,advent-of-code
653,aoc-2022,advent-of-code
654,aoc-2023,advent-of-code
655,aoc-2024,advent-of-code
656,aoc-2025,advent-of-code
657,aoc2015,advent-of-code
658,aoc2016,advent-of-code
659,aoc2017,advent-of-code
660,aoc2018,advent-of-code
661,aoc2019,advent-of-code
662,aoc2020,advent-of-code
663,aoc2021,advent-of-code
664,aoc2022,advent-of-code
665,aoc2023,advent-of-code
666,aoc2024,advent-of-code
667,aoc2025,advent-of-code
668,api3,api
669,api7,api
670,apple-1,apple
671,apple1,apple
672,apple2,apple
673,arduino101,arduino
674,as11,assemblyscript
675,as1130,assemblyscript
676,as2,-1
677,as3935,assemblyscript
678,as4,assemblyscript
679,as400,-1
680,as5040,assemblyscript
681,as5048,assemblyscript
682,as7262,assemblyscript
683,as7263,assemblyscript
684,asc712,edupage
685,asp-net-core-2,aspnet
686,asp-net-core-2-2,aspnet
687,aspnet-472,aspnet
688,aspnet-core-2,aspnet
689,aspnet-core-3,aspnet
690,aspnet-core2,aspnet
691,aspnet4,aspnet
692,aspnetcore-3,aspnet
693,aspnetcore2,aspnet
694,aspnetcore21,aspnet
695,aspnetcore22,aspnet
696,aspnetcore3,aspnet
697,assembly-6502,assembly
698,assembly-68000,assembly
699,assembly-8086,assembly
700,assembly64,assembly
701,auth0,auth0
702,aws-s3,aws
703,aws11,aws
704,aws4,aws
705,ax25,-1
706,az-300,-1
707,az-301,-1
708,azure-ad-b2c,azure
709,b2,-1
710,b2b2c,-1
711,b2drop,-1
712,b3-plugin,extension
713,b3d,-1
714,b4x,-2
715,b4x-programming-language,b4x
716,b4xprogramminglanguage,b4x
717,babel-7,babel
718,babel6,babel
719,babel7,babel
720,basic-8,basic8
721,basic8,-2
722,battlesnake-2019,battlesnake
723,bc6h,bitcoin-cash
724,bd-09ll,gcj02
725,bd-09mc,gcj02
726,bd09,gcj02
727,bd09ll,gcj02
728,bd09mc,gcj02
729,bd3d,bdd
730,bdd100k,-1
731,bg1,-1
732,bh1750,-1
733,bm25,-1
734,bootstrap-3,bootstrap
735,bootstrap-4,bootstrap
736,bootstrap-5,bootstrap
737,bootstrap2,bootstrap
738,bootstrap3,bootstrap
739,bootstrap4,bootstrap
740,bootstrap5,bootstrap
741,born2code,-1
742,bq27441,bigquery
743,bq32000,bigquery
744,bq76920,bigquery
745,bq76930,bigquery
746,build1,build-engine
747,build2,build-engine
748,by8,-1
749,bz2,-1
750,bzip2,zip
751,c-46,c
752,c-plus-plus-03,cpp
753,c-plus-plus-11,cpp
754,c-plus-plus-14,cpp
755,c-plus-plus-17,cpp
756,c-plus-plus-20,cpp
757,c-plus-plus11,cpp
758,c-sharp-6,csharp
759,c-sharp-7,csharp
760,c-sharp-8,csharp
761,c0,c
762,c0135,c
763,c09,c
764,c1,c
765,c11,-1
766,c128,c
767,c12880,c
768,c18,c
769,c196,c
770,c2,-1
771,c201,c
772,c2bf,-1
773,c2c,-1
774,c2s,computer-science
775,c3,-1
776,c338,c
777,c3d,-1
778,c4,c
779,c45,c
780,c46,c
781,c4d,cd
782,c5,c
783,c51,-1
784,c6713,c
785,c7000,c
786,c7nf,-1
787,c8,c
788,c89,c
789,c9,c
790,c90,c
791,c93,c
792,c95,c
793,c99,c
794,canvas101,canvas
795,cc-by-4,creative-commons
796,cc-by-sa-4,creative-commons
797,cc-by-sa-4-0,creative-commons
798,cc0,creative-commons
799,cc1101,-1
800,cc2531,-1
801,cc2650,-1
802,cc65,-1
803,ccbysa40,creative-commons
804,cd4051,cd
805,cd4067,cd
806,chacha12,chacha-cipher
807,chacha20,chacha-cipher
808,chacha20-poly1305,chacha-cipher
809,chacha20poly1305,chacha-cipher
810,chacha8,chacha-cipher
811,ci-314,continuous-integration
812,ci2,continuous-integration
813,ci3,continuous-integration
814,ci3715,continuous-integration
815,ci4,codeigniter
816,ci5644,continuous-integration
817,ck2,-1
818,cli11,cli
819,cm2,-1
820,co2,-1
821,cod4x,-1
822,code-128,code
823,code11,code
824,code128,code
825,code39,code
826,code9000,code
827,code93,code
828,codeigniter2,codeigniter
829,codeigniter3,codeigniter
830,codeigniter4,codeigniter
831,compsci188,computer-science
832,cossacks3,-1
833,covid-19,-2
834,covid19,covid-19
835,cplusplus-03,cpp
836,cplusplus-11,cpp
837,cplusplus-14,cpp
838,cplusplus-17,cpp
839,cplusplus-20,cpp
840,cplusplus-23,cpp
841,cplusplus11,cpp
842,cplusplus17,cpp
843,cpp-11,cpp
844,cpp-14,cpp
845,cpp-17,-1
846,cpp-20,cpp
847,cpp03,cpp
848,cpp0x,cpp
849,cpp11,cpp
850,cpp14,cpp
851,cpp17,cpp
852,cpp1y,cpp
853,cpp1z,cpp
854,cpp20,cpp
855,cpp23,cpp
856,cpp2a,cpp
857,cpp98,cpp
858,cs-7643,computer-science
859,cs1,computer-science
860,cs101,computer-science
861,cs103,computer-science
862,cs109,computer-science
863,cs111,computer-science
864,cs120,computer-science
865,cs1231,computer-science
866,cs131,computer-science
867,cs140,computer-science
868,cs143,computer-science
869,cs146,computer-science
870,cs155,computer-science
871,cs156,computer-science
872,cs16,computer-science
873,cs188,-1
874,cs189,computer-science
875,cs193p,-1
876,cs199,computer-science
877,cs2,computer-science
878,cs20,computer-science
879,cs221,computer-science
880,cs224n,-1
881,cs225,computer-science
882,cs229,computer-science
883,cs230,computer-science
884,cs231,computer-science
885,cs234,computer-science
886,cs245,computer-science
887,cs245e,-1
888,cs246,computer-science
889,cs261,computer-science
890,cs262,computer-science
891,cs267,computer-science
892,cs294,computer-science
893,cs294-112,computer-science
894,cs3,computer-science
895,cs319,computer-science
896,cs3243,computer-science
897,cs33,computer-science
898,cs337,computer-science
899,cs350,computer-science
900,cs354,computer-science
901,cs360,computer-science
902,cs372,computer-science
903,cs373,computer-science
904,cs4384,computer-science
905,cs4820,computer-science
906,cs488,computer-science
907,cs50x,-1
908,cs5242,computer-science
909,cs531,computer-science
910,cs5368,computer-science
911,cs543,computer-science
912,cs5490,computer-science
913,cs552,computer-science
914,cs560,computer-science
915,cs565600,computer-science
916,cs6,computer-science
917,cs60,computer-science
918,cs6101,computer-science
919,cs630,computer-science
920,cs70,computer-science
921,cs7641,computer-science
922,cs771,computer-science
923,cs80,computer-science
924,csharp4,csharp
925,csharp5,csharp
926,csharp6,csharp
927,csharp7,csharp
928,csharp8,csharp
929,csharp8-0,csharp
930,css3,css
931,css4,css
932,cube-2-engine,sauerbraten
933,cube2-engine,cube-engine
934,cube2engine,sauerbraten
935,cucumber3,cucumber
936,cucumber4,cucumber
937,cuda-10,cuda
938,cuda-2017,cuda
939,cuda10,cuda
940,cuda9,cuda
941,cve-2008-0166,cve
942,cve-2008-1613,cve
943,cve-2010-0426,cve
944,cve-2012-4869,cve
945,cve-2013-2765,cve
946,cve-2014-0130,cve
947,cve-2014-2021,cve
948,cve-2014-2022,cve
949,cve-2014-2023,cve
950,cve-2014-5301,cve
951,cve-2015-1427,cve
952,cve-2015-1701,cve
953,cve-2015-3306,cve
954,cve-2015-5381,cve
955,cve-2015-5383,cve
956,cve-2015-5477,cve
957,cve-2015-5602,cve
958,cve-2015-8562,cve
959,cve-2016-0772,cve
960,cve-2016-0792,cve
961,cve-2016-0856,cve
962,cve-2016-10033,cve
963,cve-2016-1910,cve
964,cve-2016-2386,cve
965,cve-2016-2388,cve
966,cve-2016-2563,cve
967,cve-2016-3115,cve
968,cve-2016-3116,cve
969,cve-2016-5195,cve
970,cve-2016-5649,cve
971,cve-2016-5725,cve
972,cve-2016-9192,cve
973,cve-2016-9920,cve
974,cve-2017-0199,cve
975,cve-2017-0785,cve
976,cve-2017-1000250,cve
977,cve-2017-10002501,cve
978,cve-2017-10147,cve
979,cve-2017-10148,cve
980,cve-2017-10366,cve
981,cve-2017-10409,cve
982,cve-2017-10410,cve
983,cve-2017-10411,cve
984,cve-2017-10412,cve
985,cve-2017-10413,cve
986,cve-2017-10414,cve
987,cve-2017-10415,cve
988,cve-2017-10416,cve
989,cve-2017-10417,cve
990,cve-2017-11826,cve
991,cve-2017-11882,cve
992,cve-2017-12629,cve
993,cve-2017-13089,cve
994,cve-2017-13208,cve
995,cve-2017-14493,cve
996,cve-2017-14494,cve
997,cve-2017-15303,cve
998,cve-2017-16651,cve
999,cve-2017-16929,cve
1000,cve-2017-16930,cve
1001,cve-2017-17309,cve
1002,cve-2017-18016,cve
1003,cve-2017-3599,cve
1004,cve-2017-5521,cve
1005,cve-2017-5638,cve
1006,cve-2017-5689,cve
1007,cve-2017-5715,cve
1008,cve-2017-5721,cve
1009,cve-2017-5753,cve
1010,cve-2017-5754,cve
1011,cve-2017-6950,cve
1012,cve-2017-7269,cve
1013,cve-2017-8046,cve
1014,cve-2017-8759,cve
1015,cve-2017-8798,cve
1016,cve-2017-9101,cve
1017,cve-2017-9798,cve
1018,cve-2018-1000001,cve
1019,cve-2018-10057,cve
1020,cve-2018-10058,cve
1021,cve-2018-10561,cve
1022,cve-2018-10583,cve
1023,cve-2018-11759,cve
1024,cve-2018-11776,cve
1025,cve-2018-12034,cve
1026,cve-2018-12035,cve
1027,cve-2018-1273,cve
1028,cve-2018-13379,cve
1029,cve-2018-15473,cve
1030,cve-2018-18852,cve
1031,cve-2018-19466,cve
1032,cve-2018-19537,cve
1033,cve-2018-19788,cve
1034,cve-2018-20555,cve
1035,cve-2018-2380,cve
1036,cve-2018-2628,cve
1037,cve-2018-3615,cve
1038,cve-2018-3620,cve
1039,cve-2018-3639,cve
1040,cve-2018-3640,cve
1041,cve-2018-3646,cve
1042,cve-2018-3665,cve
1043,cve-2018-3693,cve
1044,cve-2018-4087,cve
1045,cve-2018-4407,cve
1046,cve-2018-4993,cve
1047,cve-2018-6242,cve
1048,cve-2018-6389,cve
1049,cve-2018-6622,cve
1050,cve-2018-7600,cve
1051,cve-2018-7750,cve
1052,cve-2018-8033,cve
1053,cve-2018-8210,cve
1054,cve-2019,cve
1055,cve-2019-0192,cve
1056,cve-2019-0604,cve
1057,cve-2019-0708,cve
1058,cve-2019-1003000,cve
1059,cve-2019-10149,cve
1060,cve-2019-1069,cve
1061,cve-2019-1129,cve
1062,cve-2019-1130,cve
1063,cve-2019-11510,cve
1064,cve-2019-11932,cve
1065,cve-2019-12086,cve
1066,cve-2019-1367,cve
1067,cve-2019-2725,cve
1068,cve-2019-2767,cve
1069,cve-2019-2768,cve
1070,cve-2019-2771,cve
1071,cve-2019-3396,cve
1072,cve-2019-5418,cve
1073,cve-2019-5624,cve
1074,cve-2019-5893,cve
1075,cve-2019-6340,cve
1076,cve-2019-6447,cve
1077,cve-2019-6453,cve
1078,cve-2019-8718,cve
1079,cve-2019-8942,cve
1080,cve-2019-8943,cve
1081,cve-2019-9621,cve
1082,cve2019,cve
1083,cve2019-0708,cve
1084,cxx17,-1
1085,cyc1000,-1
1086,d0,d
1087,d1,d
1088,d10,d
1089,d2,d
1090,d20,d
1091,d365,d
1092,d365fo,-1
1093,d3d11,-1
1094,d3d12,-1
1095,d3d9,-1
1096,d4-project,-1
1097,d400,d
1098,d415,d
1099,d435,d
1100,d435i,-1
1101,d4pg,digital-public-goods
1102,d51,d
1103,d6,d
1104,d64,d
1105,d7,-1
1106,d7000,d
1107,d8,d
1108,d9,d
1109,dart2,dart
1110,data100,data
1111,data8,data
1112,datascience2018,data-science
1113,db1,database
1114,db2,database
1115,dcode-2025,-2
1116,dcode2025,dcode-2025
1117,debian10,debian
1118,debian8,debian
1119,debian9,debian
1120,deeplearning4j,deep-learning
1121,demo1,demo
1122,desktop48,desktop
1123,discord4j,discord
1124,django-2,django
1125,django-2-1,django
1126,django-2-2,django
1127,django-22,django
1128,django1-11,django
1129,django110,django
1130,django111,django
1131,django2,django
1132,django2-2,django
1133,django20,django
1134,django21,django
1135,dk2,-1
1136,dl4j,-1
1137,dlang2,d
1138,dle12,dle
1139,dle13,dle
1140,dmx-512,dmx512
1141,dmx-512a,dmx512
1142,dmx512,dmx512
1143,dmx512a,dmx512
1144,docker-101,docker
1145,dom7,dom
1146,dot-net-core2,dotnet
1147,dotnet-core2,dotnet
1148,dotnet-core2-1,dotnet
1149,dotnet-core2-2,dotnet
1150,dotnet-core3,dotnet
1151,dotnet45,dotnet
1152,dotnet471,dotnet
1153,dotnetcore-2-1,dotnet
1154,dotnetcore-2-2,dotnet
1155,dotnetcore-3,dotnet
1156,dotnetcore2,dotnet
1157,dotnetcore21,dotnet
1158,dotnetcore22,dotnet
1159,dotnetcore3,dotnet
1160,dr-2k-7,-1
1161,drupal-6,drupal
1162,drupal-7,drupal
1163,drupal-8,drupal
1164,drupal10,drupal
1165,drupal7,drupal
1166,drupal8,drupal
1167,drupal9,drupal
1168,ds1307,-1
1169,ds3231,-1
1170,dstc6,-1
1171,duke-nukem-3d-engine,build-engine
1172,dukenukem3dengine,build-engine
1173,dw1000,-1
1174,dx11,-1
1175,dx12,developer-experience
1176,dx7,developer-experience
1177,dx80,developer-experience
1178,dx9,developer-experience
1179,dynamixel-protocol-2,protocol
1180,e107,-1
1181,e107-plugin,extension
1182,e131,-1
1183,e2e-monitoring,monitoring
1184,e2ee,end-to-end-encryption
1185,e621,-1
1186,ecmascript-6,ecmascript
1187,ecmascript1,ecmascript
1188,ecmascript2015,ecmascript
1189,ecmascript2016,ecmascript
1190,ecmascript2017,ecmascript
1191,ecmascript2018,ecmascript
1192,ecmascript2019,ecmascript
1193,ecmascript5,ecmascript
1194,ecmascript6,ecmascript
1195,ef6,-1
1196,elasticsearch-5,elasticsearch
1197,elasticsearch5,elasticsearch
1198,elasticsearch6,elasticsearch
1199,elasticsearch7,elasticsearch
1200,elm-19,elm
1201,elm-327,elm
1202,elm327,elm
1203,emxp240iie,-1
1204,enc28j60,-1
1205,ens210,ens
1206,es6,ecmascript
1207,esp32,-2
1208,esp32c3,esp32
1209,esp32s2,esp32
1210,esp32s3,esp32
1211,esp8266,-2
1212,ethereum-2,ethereum
1213,examplex8086,example
1214,express4,express
1215,f1,-1
1216,f1do,-1
1217,f2b,facebook
1218,f2e,-1
1219,f2py,python
1220,f3b,facebook
1221,f5,-1
1222,f5networks,network
1223,f77,fortran
1224,f95,fortran
1225,fable2,fable
1226,fabric2,fabricmc
1227,fabric3,fabricmc
1228,fabric8,fabricmc
1229,fastify-1,fastify
1230,fastify-2,fastify
1231,fastify1,fastify
1232,fastify2,fastify
1233,fb2,-1
1234,fb2020,facebook
1235,fb3,facebook
1236,feathers2,feathers
1237,fedora24,fedora
1238,fedora25,fedora
1239,fedora26,fedora
1240,fedora27,fedora
1241,fedora28,fedora
1242,fedora29,fedora
1243,fedora30,fedora
1244,fedora31,fedora
1245,fer2013,-1
1246,first-2019,first
1247,fis3,-1
1248,font-awesome-5,font
1249,fontawesome5,font
1250,fortran2003,fortran
1251,fortran2008,fortran
1252,fortran2018,fortran
1253,fortran66,fortran
1254,fortran77,fortran
1255,fortran90,fortran
1256,fortran95,fortran
1257,framework7,framework
1258,frc-1793,first-robotics-competition
1259,frc-2019,first-robotics-competition
1260,frc-2020,first-robotics-competition
1261,frc-3236,first-robotics-competition
1262,frc-4461,first-robotics-competition
1263,frc1294,first-robotics-competition
1264,frc1351,first-robotics-competition
1265,frc1721,first-robotics-competition
1266,frc1939,first-robotics-competition
1267,frc1986,first-robotics-competition
1268,frc2018,first-robotics-competition
1269,frc2019,first-robotics-competition
1270,frc236,first-robotics-competition
1271,frc254,first-robotics-competition
1272,frc263,first-robotics-competition
1273,frc3381,first-robotics-competition
1274,frc3494,first-robotics-competition
1275,frc4099,first-robotics-competition
1276,frc449,first-robotics-competition
1277,frc5827,first-robotics-competition
1278,frc6414,first-robotics-competition
1279,frc862,first-robotics-competition
1280,frc973,first-robotics-competition
1281,fs17,-1
1282,fs19,freeswitch
1283,fs20,freeswitch
1284,ft601,-1
1285,g0v,-1
1286,g2,-1
1287,g2o,-1
1288,g8,-1
1289,ga4gh,-1
1290,game-maker-studio-2,gamemaker
1291,game-off-2018,game-off
1292,gamejam-2019,game-jam
1293,gamemaker-studio-2,gamemaker
1294,gamemakerstudio2,gamemaker
1295,gameoff-2018,game-off
1296,gatsby2,gatsby
1297,gatsbyjs-2,gatsby
1298,gb1078,gameboy
1299,gb11643-1999,gameboy
1300,gb2260,gameboy
1301,gb2312,gameboy
1302,gb28181,gameboy
1303,gb28181-2011,gameboy
1304,gb28181-2016,gameboy
1305,gb35114,gameboy
1306,gb7714-2015,gameboy
1307,gb808,gameboy
1308,gb809,gameboy
1309,gcj-02,gcj02
1310,gcj02,-2
1311,ggj18,global-game-jam
1312,ggj19,global-game-jam
1313,ggj2009,global-game-jam
1314,ggj2010,global-game-jam
1315,ggj2011,global-game-jam
1316,ggj2012,global-game-jam
1317,ggj2013,global-game-jam
1318,ggj2014,global-game-jam
1319,ggj2015,global-game-jam
1320,ggj2016,global-game-jam
1321,ggj2017,global-game-jam
1322,ggj2018,global-game-jam
1323,ggj2019,global-game-jam
1324,ggj2020,global-game-jam
1325,ggj2021,global-game-jam
1326,ggj2022,global-game-jam
1327,ggj2023,global-game-jam
1328,ggj2024,global-game-jam
1329,ggo12,game-off
1330,ggo13,game-off
1331,ggo14,game-off
1332,ggo15,game-off
1333,ggo16,game-off
1334,git101,git
1335,github-api-3,github-api
1336,github404,github
1337,githubgameoff2018,game-off
1338,global-game-jam-2018,global-game-jam
1339,global-game-jam-2019,global-game-jam
1340,globalgamejam19,global-game-jam
1341,globalgamejam2019,global-game-jam
1342,gms2,gamemaker
1343,go1,go
1344,go2,go
1345,go42,go
1346,godot2,godot
1347,godot3,godot
1348,godot3-1,godot
1349,godotengine-3-1,godot
1350,gphoto2,image
1351,gpl3,gpl
1352,gplv2,gpl
1353,gplv3,gpl
1354,greasemonkey4,userscript
1355,gs1,-1
1356,gtk-3,gtk
1357,gtk2,gtk
1358,gtk3,gtk
1359,gtk322,gtk
1360,gtk4,gtk
1361,guild-wars-2,guildwars2
1362,guildwars-2,guildwars2
1363,guildwars2,-2
1364,gulp-4,gulp
1365,gulp4,gulp
1366,gw2,guildwars2
1367,gy-50,-1
1368,h2020,-1
1369,h5p,-1
1370,h6,-1
1371,hackathon-2017,hackathon
1372,hackathon-2018,hackathon
1373,hackathon-2019,hackathon
1374,hackathon18,hackathon
1375,hackathon2017,hackathon
1376,hackathon2018,hackathon
1377,hackathon2019,hackathon
1378,hackerrank-30dayschallange,hackerrank
1379,hackerrank30dayschallange,hackerrank
1380,hackfest-2019,hackathon
1381,hacktoberfest-2019,hacktoberfest
1382,hacktoberfest18,hacktoberfest
1383,hacktoberfest19,hacktoberfest
1384,hacktoberfest2017,hacktoberfest
1385,hacktoberfest2018,hacktoberfest
1386,hacktoberfest2019,hacktoberfest
1387,hak5,-1
1388,hammer2,hammer
1389,hc-05,-1
1390,hc-sr04,-1
1391,hc2,-1
1392,hd44780,-1
1393,here4,-1
1394,hs1xx,-1
1395,hs485d,-1
1396,html4,html
1397,html5,html
1398,http-2,http
1399,http-404,http
1400,http-410,http
1401,http1,http
1402,http1-0,http
1403,http1-1,http
1404,http2,http
1405,http3,http
1406,http451,http
1407,http4s,http
1408,hugo-theme-2017,hugo
1409,hx-2s-jh20,-1
1410,hx1230,haxe
1411,hx50,haxe
1412,hx711,-1
1413,hx8347,haxe
1414,i18n,-2
1415,i2pfs,ipfs
1416,i8n,-2
1417,icd-10,-1
1418,idtech3,id-tech
1419,idtech4,id-tech
1420,iec-870-5-102,-1
1421,ietf102,ietf
1422,if686,interactive-fiction
1423,if97,interactive-fiction
1424,il2cpp,-1
1425,im14andthisisfunny,-1
1426,imagej2,imagej
1427,ina230,-1
1428,infosec-19,cybersecurity
1429,io17,io
1430,io18,io
1431,io19,io
1432,ionic-3,ionic
1433,ionic-4,ionic
1434,ionic-framework2,ionic
1435,ionic1,ionic
1436,ionic2,ionic
1437,ionic3,ionic
1438,ionic3-framework,ionic
1439,ionic4,ionic
1440,ionic5,ionic
1441,ios-10,ios
1442,ios-11,ios
1443,ios-12,ios
1444,ios-6,ios
1445,ios-9,ios
1446,ios10,ios
1447,ios11,ios
1448,ios12,ios
1449,ios13,ios
1450,ios6,ios
1451,ios7,ios
1452,ios8,ios
1453,ios9,ios
1454,ipython3,ipython
1455,irc3,irc
1456,iris12,iris
1457,iris640,iris
1458,iso-8601,-2
1459,iso8601,iso-8601
1460,iu7,-1
1461,iw4,-1
1462,jasmine2,jasmine
1463,java-10,java
1464,java-11,java
1465,java-12,java
1466,java-5,java
1467,java-6,java
1468,java-7,java
1469,java-8,java
1470,java-8583,java
1471,java-9,java
1472,java10,java
1473,java11,java
1474,java12,java
1475,java13,java
1476,java14,java
1477,java2script,javascript
1478,java5,java
1479,java6,java
1480,java7,java
1481,java8,java
1482,java9,java
1483,javafx-11,javafx
1484,javafx-12,javafx
1485,javafx-8,javafx
1486,javafx-9,javafx
1487,javafx12,javafx
1488,javafx9,javafx
1489,javascript30,javascript
1490,javascript5,javascript
1491,javascript6,javascript
1492,jdk10,java
1493,jdk11,java
1494,jdk12,java
1495,jdk13,java
1496,jdk14,java
1497,jdk6,java
1498,jdk7,java
1499,jdk8,java
1500,jdk9,java
1501,jenkins2,jenkins
1502,jishanshaikh4,-1
1503,jquery3,jquery
1504,js-102,javascript
1505,js13k,js13kgames
1506,js13kgames,-2
1507,js30,javascript
1508,js5,javascript
1509,js6,javascript
1510,json11,json
1511,json5,json
1512,json6,json
1513,jt808,-1
1514,jvm-8,java
1515,jvm8,java
1516,k2,-1
1517,k3s,-1
1518,k8s,kubernetes
1519,keras-2-2-4,keras
1520,kerbal-space-program-2,-2
1521,kerbalspaceprogram2,kerbal-space-program-2
1522,kernel32,kernel
1523,kernel4,kernel
1524,kernel4-4,kernel
1525,kivy3,kivy
1526,kn2col,-1
1527,koa1,koa
1528,koa2,koa
1529,koa2-middleware,koa
1530,ksp2,kerbal-space-program-2
1531,kubernetes-101,kubernetes
1532,l10n,localization
1533,l293d,-1
1534,l2jserver,server
1535,l4d2,-1
1536,l4v,-1
1537,labs64,-1
1538,lalr1,parsing
1539,laravel-4,laravel
1540,laravel-5,laravel
1541,laravel-5-6,laravel
1542,laravel-52,laravel
1543,laravel-53,laravel
1544,laravel-54,laravel
1545,laravel-55,laravel
1546,laravel-56,laravel
1547,laravel-57,laravel
1548,laravel-6,laravel
1549,laravel10,laravel
1550,laravel4,laravel
1551,laravel5,laravel
1552,laravel5-5,laravel
1553,laravel51,laravel
1554,laravel52,laravel
1555,laravel53,laravel
1556,laravel54,laravel
1557,laravel55,laravel
1558,laravel56,laravel
1559,laravel57,laravel
1560,laravel58,laravel
1561,laravel6,laravel
1562,laravel60,laravel
1563,laravel7,laravel
1564,laravel8,laravel
1565,laravel9,laravel
1566,lb2,-1
1567,lc3,-1
1568,lcd16x2,-1
1569,ld0,ludum-dare
1570,ld1,ludum-dare
1571,ld10,ludum-dare
1572,ld11,ludum-dare
1573,ld12,ludum-dare
1574,ld13,ludum-dare
1575,ld14,ludum-dare
1576,ld15,ludum-dare
1577,ld16,ludum-dare
1578,ld17,ludum-dare
1579,ld18,ludum-dare
1580,ld19,ludum-dare
1581,ld2,ludum-dare
1582,ld20,ludum-dare
1583,ld21,ludum-dare
1584,ld22,ludum-dare
1585,ld23,ludum-dare
1586,ld24,ludum-dare
1587,ld25,ludum-dare
1588,ld26,ludum-dare
1589,ld27,ludum-dare
1590,ld28,ludum-dare
1591,ld29,ludum-dare
1592,ld3,ludum-dare
1593,ld30,ludum-dare
1594,ld31,ludum-dare
1595,ld32,ludum-dare
1596,ld33,ludum-dare
1597,ld34,ludum-dare
1598,ld35,ludum-dare
1599,ld36,ludum-dare
1600,ld37,ludum-dare
1601,ld38,ludum-dare
1602,ld39,ludum-dare
1603,ld4,ludum-dare
1604,ld40,ludum-dare
1605,ld41,ludum-dare
1606,ld42,ludum-dare
1607,ld43,ludum-dare
1608,ld44,ludum-dare
1609,ld45,ludum-dare
1610,ld46,ludum-dare
1611,ld47,ludum-dare
1612,ld48,ludum-dare
1613,ld49,ludum-dare
1614,ld4l,-1
1615,ld5,ludum-dare
1616,ld6,ludum-dare
1617,ld7,ludum-dare
1618,ld8,ludum-dare
1619,ld9,ludum-dare
1620,ldjam0,ludum-dare
1621,ldjam1,ludum-dare
1622,ldjam10,ludum-dare
1623,ldjam11,ludum-dare
1624,ldjam12,ludum-dare
1625,ldjam13,ludum-dare
1626,ldjam14,ludum-dare
1627,ldjam15,ludum-dare
1628,ldjam16,ludum-dare
1629,ldjam17,ludum-dare
1630,ldjam18,ludum-dare
1631,ldjam19,ludum-dare
1632,ldjam2,ludum-dare
1633,ldjam20,ludum-dare
1634,ldjam21,ludum-dare
1635,ldjam22,ludum-dare
1636,ldjam23,ludum-dare
1637,ldjam24,ludum-dare
1638,ldjam25,ludum-dare
1639,ldjam26,ludum-dare
1640,ldjam27,ludum-dare
1641,ldjam28,ludum-dare
1642,ldjam29,ludum-dare
1643,ldjam3,ludum-dare
1644,ldjam30,ludum-dare
1645,ldjam31,ludum-dare
1646,ldjam32,ludum-dare
1647,ldjam33,ludum-dare
1648,ldjam34,ludum-dare
1649,ldjam35,ludum-dare
1650,ldjam36,ludum-dare
1651,ldjam37,ludum-dare
1652,ldjam38,ludum-dare
1653,ldjam39,ludum-dare
1654,ldjam4,ludum-dare
1655,ldjam40,ludum-dare
1656,ldjam41,ludum-dare
1657,ldjam42,ludum-dare
1658,ldjam43,ludum-dare
1659,ldjam44,ludum-dare
1660,ldjam45,ludum-dare
1661,ldjam46,ludum-dare
1662,ldjam47,ludum-dare
1663,ldjam48,ludum-dare
1664,ldjam49,ludum-dare
1665,ldjam5,ludum-dare
1666,ldjam6,ludum-dare
1667,ldjam7,ludum-dare
1668,ldjam8,ludum-dare
1669,ldjam9,ludum-dare
1670,lean3,lean
1671,lean4,lean
1672,libp2p,library
1673,libsdl2,sdl
1674,liferay7,-1
1675,liko-12,-2
1676,liko12,liko-12
1677,linux-012,linux
1678,linux-2-6-35,linux
1679,linux-64,linux
1680,lisp-1,lisp
1681,ll1,-1
1682,ll1-grammar,parsing
1683,ll1-parser,ll-parser
1684,llvm-9,llvm
1685,llvm5,llvm
1686,love2d,-2
1687,love2d-framework,love2d
1688,love2dframework,love2d
1689,lr1,-1
1690,lua5,lua
1691,lua51,lua
1692,lua52,lua
1693,lua53,lua
1694,lua54,lua
1695,ludum-dare-35,ludum-dare
1696,ludum-dare-36,ludum-dare
1697,ludum-dare-37,ludum-dare
1698,ludum-dare-38,ludum-dare
1699,ludum-dare-39,ludum-dare
1700,ludum-dare-40,ludum-dare
1701,ludum-dare-41,ludum-dare
1702,ludum-dare-42,ludum-dare
1703,ludum-dare-43,ludum-dare
1704,ludum-dare-44,ludum-dare
1705,ludum-dare-45,ludum-dare
1706,lz77,-1
1707,m1d,markdown
1708,m20,-1
1709,m2m,-1
1710,m2x-php,php
1711,m3d,markdown
1712,m3o,-2
1713,m4,-1
1714,m4l,machine-learning
1715,m68000,motorola-68000
1716,m68k,motorola-68000
1717,mac-os-9,macos
1718,macos9,macos
1719,mainframe3720,mainframe
1720,material-2,material-design
1721,material-design-2,material-design
1722,material2,material-design
1723,material3,material-design
1724,math-223,mathematics
1725,math-323,mathematics
1726,math23k,mathematics
1727,matlab101,matlab
1728,matrix4,matrix-org
1729,max32625mbed,-1
1730,mc68000,motorola-68000
1731,mc7455,-1
1732,mcnp5,mcnp
1733,mcnp6,mcnp
1734,mcp2004,mcp
1735,mcp23008,mcp
1736,mcp23017,mcp
1737,mcp2515,mcp
1738,mcp2551,mcp
1739,mcp2561,mcp
1740,mcp3002,mcp
1741,mcp3004,mcp
1742,mcp3008,mcp
1743,mcp3202,mcp
1744,mcp3204,mcp
1745,mcp3208,mcp
1746,mcp3304,mcp
1747,mcp3424,mcp
1748,mcp4922,mcp
1749,mcp79411,mcp
1750,mcp79412,mcp
1751,mcp9808,mcp
1752,mcu51,microcontroller
1753,md-2017,markdown
1754,md-380,markdown
1755,md-390,markdown
1756,md2,markdown
1757,md2017,markdown
1758,md3,markdown
1759,md380,markdown
1760,md390,markdown
1761,md4,markdown
1762,md6,markdown
1763,mea2n,mean-stack
1764,mea2n-stack,mean-stack
1765,metrics2,monitoring
1766,mf2,microformats
1767,microformats-2,microformats
1768,microformats2,microformats
1769,microsoft365,microsoft
1770,midi2,-2
1771,minecraft-1-10,minecraft
1772,minecraft-1-10-2,minecraft
1773,minecraft-1-11-2,minecraft
1774,minecraft-1-12,minecraft
1775,minecraft-1-12-1,minecraft
1776,minecraft-1-12-2,minecraft
1777,minecraft-1-13,minecraft
1778,minecraft-1-14,minecraft
1779,minecraft-1-14-1,minecraft
1780,minecraft-1-14-2,minecraft
1781,minecraft-1-14-3,minecraft
1782,minecraft-1-14-4,minecraft
1783,minecraft-1-4-6,minecraft
1784,minecraft-1-4-7,minecraft
1785,minecraft-1-8,minecraft
1786,minecraft-1-8-9,minecraft
1787,minecraft-1-9-4,minecraft
1788,ml5,machine-learning
1789,mlx90614,mlx
1790,mlx90615,mlx
1791,mlx90621,mlx
1792,mlx90640,mlx
1793,mobile01,mobile
1794,mongodb4,mongodb
1795,motorola-68000,-2
1796,motorola-680x0,motorola-68000
1797,motorola68000,motorola-68000
1798,motorola680x0,motorola-68000
1799,mp3val,-1
1800,mqtt-5,mqtt
1801,mqtt5,mqtt
1802,ms3,-1
1803,mssql-2014,sql-server
1804,mt4,-1
1805,mt5,-1
1806,mvc2,mvc
1807,mvc5,mvc
1808,mvc6,mvc
1809,mw2,-1
1810,mysql-8,mysql
1811,mysql2,mysql
1812,mysql5,mysql
1813,mysql55,mysql
1814,mysql56,mysql
1815,mysql57,mysql
1816,mysql8,mysql
1817,n25q128a,-1
1818,n26,-1
1819,n950,-1
1820,nativescript-6,nativescript
1821,nd4j,-1
1822,neo2,neo
1823,neo4j,neo4j
1824,netty4,netty
1825,netty5,netty
1826,next5,nextjs
1827,nextjs6,nextjs
1828,nintendo-3ds-homebrew,3ds-homebrew
1829,nintendo3dshomebrew,3ds-homebrew
1830,node10,nodejs
1831,node6,nodejs
1832,node8,nodejs
1833,npm5,npm
1834,nuxt2,nuxt
1835,o365,-1
1836,oas2,openapi
1837,oas3,openapi
1838,oauth2,-2
1839,open-api-2,openapi
1840,open4gl,opengl
1841,openapi2,openapi
1842,openapi3,openapi
1843,opengl1-1,opengl
1844,opengl11,opengl
1845,opengl2,opengl
1846,opengl3,opengl
1847,opengl3-0,opengl
1848,opengl33,opengl
1849,opengl4,opengl
1850,opengl46,opengl
1851,openjdk11,java
1852,openjdk8,java
1853,openui5,-2
1854,oracle-11g,oracle-database
1855,oracle6,oracle-database
1856,oracle7,oracle-database
1857,os10,operating-system
1858,os161,operating-system
1859,os2,operating-system
1860,os390,operating-system
1861,os9,operating-system
1862,osc2017do,-1
1863,oss-7,open-source
1864,p100,-1
1865,p106-a100,-1
1866,p1p2l,pepeland
1867,p2p,-2
1868,p2p-cash,bitcoin-cash
1869,p2p1l,pepeland
1870,p2pcash,bitcoin-cash
1871,p2pshare,p2p
1872,p2s2p,-1
1873,p3k,-1
1874,p4,-1
1875,p5-sketches,sketch
1876,p7m,product-management
1877,parse5,parsing
1878,parser3,parser
1879,payday2,-1
1880,pe4312,-1
1881,peer2peer,p2p
1882,perl-6,perl
1883,perl5,perl
1884,perl6,raku
1885,phaser2,phaser
1886,phaser3,phaser
1887,php-1,php
1888,php-5,php
1889,php-5-4,php
1890,php-5-6,php
1891,php-52,php
1892,php-53,php
1893,php-54,php
1894,php-56,php
1895,php-6,php
1896,php-7,php
1897,php-71,php
1898,php-72,php
1899,php-73,php
1900,php-74,php
1901,php-8,php
1902,php-81,php
1903,php-82,php
1904,php-83,php
1905,php-fusion-9,php-fusion
1906,php1,php
1907,php10,php
1908,php2,php
1909,php4,php
1910,php5,php
1911,php5-6,php
1912,php52,php
1913,php53,php
1914,php54,php
1915,php55,php
1916,php56,php
1917,php6,php
1918,php7,php
1919,php7-1,php
1920,php7-2,php
1921,php7-3,php
1922,php70,php
1923,php71,php
1924,php72,php
1925,php73,php
1926,php74,php
1927,php8,php
1928,php80,php
1929,php81,php
1930,php82,php
1931,php83,php
1932,php84,php
1933,phpunit-6,phpunit
1934,phpunit7,phpunit
1935,pi4j,-1
1936,pic32mx270f256b,-1
1937,pico-8,-2
1938,pico8,pico-8
1939,pip3,pip
1940,pixel-vision-8,-2
1941,pixelvision-8,pixel-vision-8
1942,pixelvision8,pixel-vision-8
1943,pm1,product-management
1944,pm10,product-management
1945,pm2,product-management
1946,pm25,-1
1947,pm3,product-management
1948,pm5,product-management
1949,pm7,product-management
1950,pn532,-1
1951,pointcloud2,point-cloud
1952,postgresql-11,postgresql
1953,pp4l,pepeland
1954,prestashop-1,prestashop
1955,prestashop-1-6,prestashop
1956,prestashop-1-7,prestashop
1957,prestashop16,prestashop
1958,prestashop17,prestashop
1959,prestashop8,prestashop
1960,project1,project
1961,project1999,project
1962,project4,project
1963,psr-11,-2
1964,psr-14,-1
1965,psr-15,-2
1966,psr-4,-2
1967,psr-7,-2
1968,psr11,psr-11
1969,psr15,psr-15
1970,psr4,psr-4
1971,psr7,psr-7
1972,py2,python
1973,py3,python
1974,py37,python
1975,pypy3,pip
1976,python-2,python
1977,python-2-6,python
1978,python-2-7,python
1979,python-3,python
1980,python-3-2,python
1981,python-3-3,python
1982,python-3-4,python
1983,python-3-5,python
1984,python-3-5-2,python
1985,python-3-6,python
1986,python-3-7,python
1987,python-3-7-2,python
1988,python-3-8,python
1989,python101,python
1990,python2,python
1991,python2-7,python
1992,python24,python
1993,python25,python
1994,python26,python
1995,python27,python
1996,python277,python
1997,python3,python
1998,python3-2,python
1999,python3-3,python
2000,python3-4,python
2001,python3-5,python
2002,python3-6,python
2003,python3-6-2,python
2004,python3-7,python
2005,python3-7-2,python
2006,python3-8,python
2007,python31,python
2008,python32,python
2009,python33,python
2010,python34,python
2011,python35,python
2012,python36,python
2013,python365,python
2014,python37,python
2015,python38,python
2016,qt1,qt
2017,qt4,qt
2018,qt5,qt
2019,qt5-13,qt
2020,qt5-framework,qt
2021,qt6,qt
2022,r-18,r
2023,r-305,r
2024,r0,r
2025,r1,r
2026,r17p0,-1
2027,r18,-1
2028,r2,r
2029,r200,r
2030,r2d2,-1
2031,r3,r
2032,r305,r
2033,r307,r
2034,r308,r
2035,r4,r
2036,r502,r
2037,r57,r
2038,r6,r
2039,r61505,r
2040,r6rs,-1
2041,r6rs-scheme,-1
2042,r710,r
2043,r739,r
2044,r7rs,-1
2045,r8,r
2046,r800,r
2047,r85,r
2048,rails-5,rails
2049,rails3,rails
2050,rails4,rails
2051,rails5,rails
2052,rails5-1,rails
2053,rails51,rails
2054,rails52,rails
2055,rails6,rails
2056,rails7,rails
2057,raspberry-pi-2,raspberry-pi
2058,raspberry-pi-3,raspberry-pi
2059,raspberry-pi-4,raspberry-pi
2060,raspberrypi2,raspberry-pi
2061,raspberrypi3,raspberry-pi
2062,raspberrypi4,raspberry-pi
2063,rc2014,-1
2064,react-16,react
2065,react-360,react
2066,react-native-2048,react-native
2067,react-router-4,react-router
2068,react-router3,react-router
2069,react-router4,react-router
2070,react-router5,react-router
2071,react14,react
2072,react15,react
2073,react16,react
2074,react16-8,react
2075,react360,react
2076,react95,react
2077,reactrouter4,react-router
2078,red10,red
2079,red5,red
2080,redis-3-2-1,redis
2081,redis30,redis
2082,redis32,redis
2083,redis4,redis
2084,redux7,redux
2085,rf24,-1
2086,rf433,robotframework
2087,rf64,robotframework
2088,rf69,robotframework
2089,rf95,robotframework
2090,rfc-4287,rss
2091,rfc-6570,uri-template
2092,rfc-6749,oauth2
2093,rfc-7519,jwt
2094,rfc-7946,geojson
2095,rfc4287,rss
2096,rfc6570,uri-template
2097,rfc6749,oauth2
2098,rfc7519,jwt
2099,rfc7946,geojson
2100,roomba581,roomba
2101,roomba600,roomba
2102,roomba690,roomba
2103,roomba700,roomba
2104,roomba800,roomba
2105,roomba980,roomba
2106,rs512,-1
2107,rss2,rss
2108,rss2018,rss
2109,rt5350,-1
2110,rtd2662,-1
2111,rts5129,real-time-strategy
2112,ruby-on-rails-5,rails
2113,s2,-1
2114,s2i,-1
2115,s2s,shadowsocks
2116,s3,-1
2117,s3-website,website
2118,s4tf,shoot-em-up
2119,s6,-1
2120,s63,-1
2121,s7,-1
2122,sapui5,openui5
2123,satellite5,satellite
2124,satellite6,satellite
2125,sc2,-1
2126,scala3,scala
2127,scipy2017,scipy
2128,scipy2018,scipy
2129,scipy2019,scipy
2130,sdk2013,sdk
2131,sdl2,sdl
2132,sdl3,sdl
2133,security-1266,security
2134,server-2005,server
2135,server-2011,server
2136,server2,server
2137,sh1106,-1
2138,si4463,-1
2139,sih2017,-1
2140,sitecore9,sitecore
2141,slack-4,slack
2142,sm3,-1
2143,sm4,-1
2144,sn76489,-1
2145,socketio2,socket-io
2146,software2,software
2147,source-1,source-engine
2148,source-2,source-2-engine
2149,source-2-engine,-2
2150,source-2013,source-engine
2151,source1,source-engine
2152,source2,source-2-engine
2153,source2-engine,source-engine
2154,source2013,source-engine
2155,source2engine,source-2-engine
2156,sp800-90a,spa
2157,space-station-13,ss13
2158,spacestation13,ss13
2159,spacetraders-v2,spacetraders
2160,spacetradersv2,spacetraders
2161,spacy-1-9-0,spacy
2162,spark2,spark
2163,spring-5,spring
2164,spring-8,spring
2165,spring-boot-2,spring-boot
2166,spring-boot-2-1,spring-boot
2167,spring-boot2,spring-boot
2168,spring-framework-5,spring
2169,spring2017,spring
2170,spring3,spring
2171,spring4,spring
2172,spring5,spring
2173,springboot2,spring-boot
2174,springframework5,spring
2175,springmvc4,spring-mvc
2176,sql-server-2016,sql-server
2177,sql-server-2017,sql-server
2178,sql2014,sql
2179,sqlite3,sqlite
2180,sqlserver-2005,sql-server
2181,sqlserver-2008,sql-server
2182,sqlserver-2012,sql-server
2183,sqlserver-2014,sql-server
2184,sqlserver-2014-2016,sql-server
2185,sqlserver-2014-2017,sql-server
2186,sqlserver-2016,sql-server
2187,sqlserver-2017,sql-server
2188,sqlserver2008,sql-server
2189,sqlserver2017,sql-server
2190,sre2010,sre
2191,srp-6a,-1
2192,ss13,-2
2193,ss19,shadowsocks
2194,ss7,-1
2195,ssl2,tls
2196,ssl3,tls
2197,st-20,-1
2198,st7735,-1
2199,stacko0verflow,stackoverflow
2200,stm32f4-discovery,-1
2201,storybook5,storybook
2202,stylus2,stylus
2203,sublime-text-2,sublime-text
2204,sublime-text-3,sublime-text
2205,sublime-text3,sublime-text
2206,sublimetext3,sublime-text
2207,svelte3,svelte
2208,swift-2,swift
2209,swift-3,swift
2210,swift-4,swift
2211,swift-4-2,swift
2212,swift-5,swift
2213,swift-5-1,swift
2214,swift1,swift
2215,swift2,swift
2216,swift3,swift
2217,swift3-1,swift
2218,swift4,swift
2219,swift4-,swift
2220,swift4-1,swift
2221,swift4-2,swift
2222,swift5,swift
2223,swift5-1,swift
2224,sx1276,-1
2225,sx1278,-1
2226,symfony-4,symfony
2227,symfony1,symfony
2228,symfony2,symfony
2229,symfony2-bundle,symfony
2230,symfony3,symfony
2231,symfony3-bundle,symfony
2232,symfony32,symfony
2233,symfony34,symfony
2234,symfony4,symfony
2235,symfony4-1,symfony
2236,symfony43,symfony
2237,t1,-1
2238,t2ti,-1
2239,t3,t3-stack
2240,t3-stack,-2
2241,t3stack,t3-stack
2242,t6a,-1
2243,tads3,tads
2244,tas5753,tas
2245,tc39,-1
2246,td3,-1
2247,tensorflow-1-0,tensorflow
2248,tensorflow-2,tensorflow
2249,tensorflow-2-0-tutorial,tensorflow
2250,tensorflow10,tensorflow
2251,tensorflow2,tensorflow
2252,terraform-0,terraform
2253,test-1509124899,testing
2254,test1,testing
2255,test2,testing
2256,test262,testing
2257,testing-1,testing
2258,testing-2,testing
2259,testing-3,testing
2260,tex86,tex
2261,ti-82,-1
2262,ti-84-plus-ce,-1
2263,tic-80,-2
2264,tic80,tic-80
2265,tl-wn722n,-1
2266,tls12,tls
2267,tls13,tls
2268,tm1,-1
2269,tm1637,-1
2270,tn3270,-1
2271,tool32,tool
2272,tools-2019,tool
2273,tpt2,-1
2274,tr-069,-1
2275,twitter4j,twitter
2276,tx2,-1
2277,typescript2,typescript
2278,typescript3,typescript
2279,ubuntu-1510,ubuntu
2280,ubuntu-1604,ubuntu
2281,ubuntu-1804,ubuntu
2282,ubuntu1204,ubuntu
2283,ubuntu14,ubuntu
2284,ubuntu1404,ubuntu
2285,ubuntu16,ubuntu
2286,ubuntu1604,ubuntu
2287,ubuntu1610,ubuntu
2288,ubuntu1704,ubuntu
2289,ubuntu1710,ubuntu
2290,ubuntu1804,ubuntu
2291,ubuntu1810,ubuntu
2292,ubuntu1904,ubuntu
2293,uc5100,-1
2294,ue4,unreal-engine
2295,ui5,ui
2296,umbraco-v10,umbraco
2297,umbraco-v7,umbraco
2298,umbraco-v8,umbraco
2299,umbraco-v9,umbraco
2300,umbracov10,umbraco
2301,umbracov7,umbraco
2302,umbracov8,umbraco
2303,umbracov9,umbraco
2304,unity-3d,unity
2305,unity-7,unity
2306,unity-8,unity
2307,unity2018,unity
2308,unity2019,unity
2309,unity2d,unity
2310,unity3d,unity
2311,unity3d-development,unity
2312,unity3d-editor,unity
2313,unity3d-plugin,unity
2314,unity3d-script,unity
2315,unity3d-scripts,unity
2316,unity3ddevelopment,unity
2317,unity3deditor,unity
2318,unity3dplugin,unity
2319,unity3dscript,unity
2320,unity3dscripts,unity
2321,unity5,unity
2322,unity7,unity
2323,unity8,unity
2324,unreal-engine-4,unreal-engine
2325,unrealengine4,unreal-engine
2326,ur5,-1
2327,ut181a,university-of-texas-arlington
2328,v-10,v
2329,v-6-8,v
2330,v8,-2
2331,vapor-2,vapor
2332,vapor-3,vapor
2333,vapor-4,vapor
2334,vapor2,vapor
2335,vapor3,vapor
2336,vb2008,visual-basic
2337,vb5,visual-basic
2338,vb6,visual-basic
2339,vba7,vba
2340,vertx3,vertx
2341,video-360,video
2342,video360,video
2343,vim2,vim
2344,vim3,vim
2345,vim8,vim
2346,visionos1,visionos
2347,visionos2,visionos
2348,visual-basic-6,visual-basic
2349,visual-studio-2013,visual-studio
2350,visual-studio-2015,visual-studio
2351,visual-studio-2017,visual-studio
2352,visual-studio-2019,visual-studio
2353,visualbasic6,visual-basic
2354,visualstudio2013,visual-studio
2355,visualstudio2015,visual-studio
2356,visualstudio2017,visual-studio
2357,visualstudio2019,visual-studio
2358,vl53l0x,-1
2359,vp8,-1
2360,vs1003,visual-studio
2361,vs1053,visual-studio
2362,vs1063,visual-studio
2363,vs1838,visual-studio
2364,vs2010,visual-studio
2365,vs2012,visual-studio
2366,vs2013,visual-studio
2367,vs2015,visual-studio
2368,vs2017,visual-studio
2369,vs2019,visual-studio
2370,vue-2,vue
2371,vue1,vue
2372,vue2,vue
2373,vue2js,vue
2374,vue3,vue
2375,vuejs2,vue
2376,vuejs3,vue
2377,vuex2,vue
2378,vuex3,vue
2379,w25q40,-1
2380,watchos3,watchos
2381,watchos4,watchos
2382,watchos6,watchos
2383,way2sms,-1
2384,wc24,wiiconnect24
2385,web2,web
2386,web3,web
2387,web50,web
2388,webapp2,webapp
2389,webapps2,webapp
2390,webkit2,webkit
2391,webpack-2,webpack
2392,webpack-3,webpack
2393,webpack-4,webpack
2394,webpack2,webpack
2395,webpack3,webpack
2396,webpack4,webpack
2397,webpack5,webpack
2398,wg21,-1
2399,wi2015,-1
2400,wiiconnect24,-2
2401,win10,windows
2402,win32,windows
2403,win64,windows
2404,win7,windows
2405,windows-1,windows
2406,windows-10,windows
2407,windows-11,windows
2408,windows-1252,windows
2409,windows-1709,windows
2410,windows-1803,windows
2411,windows-1809,windows
2412,windows-1903,windows
2413,windows-2003,windows
2414,windows-2016,windows
2415,windows-2019,windows
2416,windows-3,windows
2417,windows-7,windows
2418,windows-8,windows
2419,windows-8-1,windows
2420,windows-93,windows
2421,windows-95,windows
2422,windows-98,windows
2423,windows1,windows
2424,windows10,windows
2425,windows11,windows
2426,windows1252,windows
2427,windows2000,windows
2428,windows64,windows
2429,windows7,windows
2430,windows8,windows
2431,windows8-1,windows
2432,windows93,windows
2433,windows95,windows
2434,windows98,windows
2435,winui2,winui
2436,winui3,winui
2437,wordpress49,wordpress
2438,wordpress5,wordpress
2439,wow-2-4-3,-1
2440,wow64,wow
2441,ws2801,websocket
2442,ws2811,websocket
2443,ws2812,websocket
2444,ws2812fx,-1
2445,ws2813,-1
2446,ws2815,websocket
2447,ws281x,-1
2448,ws8212,websocket
2449,wsl2,wsl
2450,www-18,web
2451,www12,web
2452,www13,web
2453,www18,web
2454,www2018,web
2455,x12,-1
2456,x25519,-1
2457,x2c,-1
2458,x3d,-1
2459,x5,-1
2460,x550cc,-1
2461,xchacha-poly1305,chacha-cipher
2462,xchacha12,chacha-cipher
2463,xchacha20,chacha-cipher
2464,xchacha8,chacha-cipher
2465,xchachapoly1305,chacha-cipher
2466,xcode10,xcode
2467,xcode11,xcode
2468,xcode8,xcode
2469,xcode9,xcode
2470,xcode9-2,xcode
2471,xcode9-3,xcode
2472,xg-c100c,-1
2473,xk6,-2
2474,xml2,xml
2475,y2k,-1
2476,yarn2,yarn
2477,yii1,yii
2478,yii2,yii
2479,yii2-extension,yii
2480,yii2-framework,yii
2481,yii2extension,yii
2482,yii2framework,yii
2483,yii3,yii
2484,z3,-1
2485,z7-kp7s1,zkp
2486,zf2,-1
2487,zf2-framework,framework
2488,zf3,-1
2489,zip3,zip
2490,zip5,zip
2491,zip64,zip
